-- phpMyAdmin SQL Dump
-- version 5.1.0
-- https://www.phpmyadmin.net/
--
-- Host: 127.0.0.1
-- Generation Time: Oct 18, 2021 at 06:51 PM
-- Server version: 10.4.18-MariaDB
-- PHP Version: 7.4.18

SET SQL_MODE = "NO_AUTO_VALUE_ON_ZERO";
START TRANSACTION;
SET time_zone = "+00:00";


/*!40101 SET @OLD_CHARACTER_SET_CLIENT=@@CHARACTER_SET_CLIENT */;
/*!40101 SET @OLD_CHARACTER_SET_RESULTS=@@CHARACTER_SET_RESULTS */;
/*!40101 SET @OLD_COLLATION_CONNECTION=@@COLLATION_CONNECTION */;
/*!40101 SET NAMES utf8mb4 */;

--
-- Database: `airline_system`
--

-- --------------------------------------------------------

--
-- Table structure for table `airplane`
--

CREATE TABLE `airplane` (
  `Airplane_id` varchar(20) NOT NULL,
  `Total_number_of_seats` int(11) NOT NULL,
  `Airplane_type` varchar(100) NOT NULL
) ENGINE=InnoDB DEFAULT CHARSET=utf8mb4;

--
-- Dumping data for table `airplane`
--

INSERT INTO `airplane` (`Airplane_id`, `Total_number_of_seats`, `Airplane_type`) VALUES
('1008', 10, 'L76'),
('1024', 10, 'L76'),
('1055', 10, 'L76'),
('1072', 10, 'L76'),
('1085', 8, 'L76'),
('1104', 10, 'L76'),
('1134', 10, 'L76'),
('1162', 10, 'L76'),
('1184', 10, 'L76'),
('1216', 10, 'L76'),
('1242', 8, 'L76'),
('1274', 10, 'L76'),
('1292', 10, 'L76'),
('1309', 10, 'L76'),
('1331', 10, 'L76'),
('1346', 8, 'L76'),
('1358', 12, 'L77'),
('1377', 12, 'L77'),
('1404', 12, 'L77'),
('1431', 12, 'L77'),
('1455', 12, 'L77'),
('1473', 12, 'L77'),
('1505', 12, 'L77'),
('1526', 12, 'L77'),
('1552', 12, 'L77'),
('1566', 12, 'L77'),
('1597', 12, 'L77'),
('1610', 10, 'L77'),
('1638', 12, 'L77'),
('1658', 12, 'L77'),
('1669', 12, 'L77'),
('1701', 12, 'L77'),
('1729', 12, 'L77'),
('1740', 12, 'L77'),
('1765', 12, 'L77'),
('1788', 10, 'L77'),
('1801', 8, 'M99'),
('1831', 10, 'M99'),
('1855', 8, 'M99'),
('1873', 10, 'M99'),
('1886', 10, 'M99'),
('1914', 8, 'M99'),
('1929', 10, 'M99'),
('1940', 8, 'M99'),
('1967', 10, 'M99'),
('1988', 8, 'M99'),
('2010', 8, 'M99'),
('2031', 10, 'M99'),
('2053', 8, 'M99'),
('2075', 10, 'M99'),
('2089', 8, 'M99'),
('2107', 8, 'M99'),
('2136', 10, 'M99'),
('2151', 10, 'M99'),
('2176', 10, 'M99'),
('2204', 10, 'M99'),
('2217', 10, 'M99'),
('2231', 8, 'M99'),
('2260', 10, 'M99'),
('2292', 10, 'M99'),
('2310', 8, 'M99'),
('2335', 10, 'M99'),
('2354', 12, 'MM2'),
('2382', 12, 'MM2'),
('2406', 14, 'MM2'),
('2423', 14, 'MM2'),
('2448', 14, 'MM2'),
('2480', 14, 'MM2'),
('2504', 12, 'MM2'),
('2517', 14, 'MM2'),
('2546', 12, 'MM2'),
('2563', 12, 'MM2'),
('2594', 14, 'MM2'),
('2619', 12, 'MM2'),
('2634', 14, 'MM2'),
('2660', 14, 'MM2'),
('2673', 14, 'MM2'),
('2693', 12, 'MM2'),
('2709', 14, 'MM2'),
('2739', 12, 'MM2'),
('2755', 14, 'MM2'),
('2777', 14, 'MM2'),
('2800', 12, 'MM2'),
('2812', 12, 'MM2'),
('2834', 14, 'MM2'),
('2856', 14, 'MM2'),
('2880', 14, 'MM2'),
('2892', 12, 'MM2'),
('2922', 14, 'MM2'),
('2934', 14, 'MM2'),
('2960', 12, 'MM2'),
('2971', 14, 'MM2'),
('3003', 8, 'A36'),
('3022', 10, 'A36'),
('3050', 10, 'A36'),
('3076', 8, 'A36'),
('3090', 10, 'A36'),
('3111', 8, 'A36'),
('3134', 8, 'A36'),
('3160', 10, 'A36'),
('3176', 10, 'A36'),
('3189', 8, 'A36'),
('3218', 10, 'A36'),
('3231', 10, 'A36'),
('3242', 10, 'A36'),
('3274', 10, 'A36'),
('3301', 8, 'A36'),
('3329', 10, 'A36'),
('3346', 8, 'A36'),
('3376', 8, 'A36'),
('3408', 8, 'A36'),
('3420', 10, 'A36'),
('3436', 8, 'A36'),
('3461', 8, 'A36'),
('3476', 8, 'A36'),
('3488', 8, 'A36'),
('3512', 10, 'A36'),
('3530', 10, 'A36'),
('3560', 10, 'A36'),
('3574', 10, 'A36'),
('3591', 10, 'A36'),
('3607', 10, 'A36'),
('3633', 14, 'A38'),
('3662', 16, 'A38'),
('3681', 16, 'A38'),
('3697', 16, 'A38'),
('3717', 14, 'A38'),
('3743', 16, 'A38'),
('3775', 16, 'A38'),
('3789', 16, 'A38'),
('3813', 16, 'A38'),
('3842', 14, 'A38'),
('3871', 16, 'A38'),
('3882', 16, 'A38'),
('3907', 16, 'A38'),
('3925', 16, 'A38'),
('3945', 16, 'A38'),
('3964', 16, 'A38'),
('3987', 16, 'A38'),
('4010', 16, 'A38'),
('4024', 14, 'A38'),
('4041', 16, 'A38'),
('873', 10, 'L76'),
('899', 8, 'L76'),
('927', 10, 'L76'),
('957', 10, 'L76'),
('979', 10, 'L76');

-- --------------------------------------------------------

--
-- Table structure for table `airplane_type`
--

CREATE TABLE `airplane_type` (
  `Airplane_type_name` varchar(100) NOT NULL,
  `Max_seats` int(11) NOT NULL,
  `Company` varchar(500) NOT NULL
) ENGINE=InnoDB DEFAULT CHARSET=utf8mb4;

--
-- Dumping data for table `airplane_type`
--

INSERT INTO `airplane_type` (`Airplane_type_name`, `Max_seats`, `Company`) VALUES
('A36', 10, 'Airbus'),
('A38', 16, 'Airbus'),
('L76', 10, 'Boeing'),
('L77', 12, 'Boeing'),
('M99', 10, 'Lockheed'),
('MM2', 14, 'Lockheed');

-- --------------------------------------------------------

--
-- Table structure for table `airport`
--

CREATE TABLE `airport` (
  `Airport_code` varchar(20) NOT NULL,
  `Name` varchar(50) NOT NULL,
  `City` varchar(20) NOT NULL,
  `State` varchar(20) NOT NULL
) ENGINE=InnoDB DEFAULT CHARSET=utf8mb4;

--
-- Dumping data for table `airport`
--

INSERT INTO `airport` (`Airport_code`, `Name`, `City`, `State`) VALUES
('ATL', 'Hartsfield Jackson Atlanta International', 'Atlanta', 'GA'),
('AUS', 'Austin Bergstrom International', 'Austin', 'TX'),
('BNA', 'Nashville International', 'Nashville', 'TN'),
('BOS', 'General Edward Lawrence Logan International', 'Boston', 'MA'),
('BWI', 'Baltimore/Washington International Thurgood Marsha', 'Baltimore', 'MD'),
('CLE', 'Cleveland Hopkins International', 'Cleveland', 'OH'),
('CLT', 'Charlotte Douglas International', 'Charlotte', 'NC'),
('DCA', 'Ronald Reagan Washington National', 'Washington', 'DC'),
('DEN', 'Denver International', 'Denver', 'CO'),
('DFW', 'Dallas Fort Worth International', 'Dallas-Fort Worth', 'TX'),
('DTW', 'Detroit Metropolitan Wayne County', 'Detroit', 'MI'),
('EWR', 'Newark Liberty International', 'Newark', 'NJ'),
('FLL', 'Fort Lauderdale Hollywood International', 'Fort Lauderdale', 'FL'),
('HNL', 'Honolulu International', 'Honolulu', 'HI'),
('HOU', 'William P Hobby', 'Houston', 'TX'),
('IAD', 'Washington Dulles International', 'Washington', 'MD'),
('IAH', 'George Bush Intercontinental Houston', 'Houston', 'TX'),
('JFK', 'John F Kennedy International', 'New York', 'NY'),
('LAS', 'McCarran International', 'Las Vegas', 'NV'),
('LAX', 'Los Angeles International', 'Los Angeles', 'CA'),
('LGA', 'La Guardia', 'New York', 'NY'),
('MCI', 'Kansas City International', 'Kansas City', 'MO'),
('MCO', 'Orlando International', 'Orlando', 'FL'),
('MDW', 'Chicago Midway International', 'Chicago', 'IL'),
('MIA', 'Miami International', 'Miami', 'FL'),
('MSP', 'Minneapolis-St Paul International/Wold-Chamberlain', 'Minneapolis', 'MN'),
('OAK', 'Metropolitan Oakland International', 'Oakland', 'CA'),
('ORD', 'Chicago OHare International', 'Chicago', 'IL'),
('PDX', 'Portland International', 'Portland', 'OR'),
('PHL', 'Philadelphia International', 'Philadelphia', 'PA'),
('PHX', 'Phoenix Sky Harbor International', 'Phoenix', 'AZ'),
('RDU', 'Raleigh Durham International', 'Raleigh/Durham', 'NC'),
('SAN', 'San Diego International', 'San Diego', 'CA'),
('SEA', 'Seattle Tacoma International', 'Seattle', 'WA'),
('SFO', 'San Francisco International', 'San Francisco', 'CA'),
('SLC', 'Salt Lake City International', 'Salt Lake City', 'UT'),
('SMF', 'Sacramento International', 'Sacramento', 'CA'),
('SNA', 'John Wayne-Orange County', 'Santa Ana', 'CA'),
('STL', 'Lambert St Louis International', 'St Louis', 'MO'),
('TPA', 'Tampa International', 'Tampa', 'FL');

-- --------------------------------------------------------

--
-- Table structure for table `can_land`
--

CREATE TABLE `can_land` (
  `Airplane_type_name` varchar(100) NOT NULL,
  `Airport_code` varchar(20) NOT NULL
) ENGINE=InnoDB DEFAULT CHARSET=utf8mb4;

--
-- Dumping data for table `can_land`
--

INSERT INTO `can_land` (`Airplane_type_name`, `Airport_code`) VALUES
('A36', 'ATL'),
('A36', 'AUS'),
('A36', 'BNA'),
('A36', 'BOS'),
('A36', 'BWI'),
('A36', 'CLE'),
('A36', 'CLT'),
('A36', 'DCA'),
('A36', 'DEN'),
('A36', 'DFW'),
('A36', 'DTW'),
('A36', 'EWR'),
('A36', 'FLL'),
('A36', 'HNL'),
('A36', 'HOU'),
('A36', 'IAD'),
('A36', 'IAH'),
('A36', 'JFK'),
('A36', 'LAS'),
('A36', 'LAX'),
('A36', 'LGA'),
('A36', 'MCI'),
('A36', 'MCO'),
('A36', 'MDW'),
('A36', 'MIA'),
('A36', 'MSP'),
('A36', 'OAK'),
('A36', 'ORD'),
('A36', 'PDX'),
('A36', 'PHL'),
('A36', 'PHX'),
('A36', 'RDU'),
('A36', 'SAN'),
('A36', 'SEA'),
('A36', 'SFO'),
('A36', 'SLC'),
('A36', 'SMF'),
('A36', 'SNA'),
('A36', 'STL'),
('A36', 'TPA'),
('A38', 'ATL'),
('A38', 'AUS'),
('A38', 'BOS'),
('A38', 'BWI'),
('A38', 'CLE'),
('A38', 'DCA'),
('A38', 'DFW'),
('A38', 'HNL'),
('A38', 'HOU'),
('A38', 'JFK'),
('A38', 'LAX'),
('A38', 'LGA'),
('A38', 'MIA'),
('A38', 'SAN'),
('A38', 'SEA'),
('A38', 'SFO'),
('L76', 'ATL'),
('L76', 'AUS'),
('L76', 'BNA'),
('L76', 'BOS'),
('L76', 'BWI'),
('L76', 'CLE'),
('L76', 'CLT'),
('L76', 'DCA'),
('L76', 'DEN'),
('L76', 'DFW'),
('L76', 'DTW'),
('L76', 'EWR'),
('L76', 'FLL'),
('L76', 'HNL'),
('L76', 'HOU'),
('L76', 'IAD'),
('L76', 'IAH'),
('L76', 'JFK'),
('L76', 'LAS'),
('L76', 'LAX'),
('L76', 'LGA'),
('L76', 'MCI'),
('L76', 'MCO'),
('L76', 'MDW'),
('L76', 'MIA'),
('L76', 'MSP'),
('L76', 'OAK'),
('L76', 'ORD'),
('L76', 'PDX'),
('L76', 'PHL'),
('L76', 'PHX'),
('L76', 'RDU'),
('L76', 'SAN'),
('L76', 'SEA'),
('L76', 'SFO'),
('L76', 'SLC'),
('L76', 'SMF'),
('L76', 'SNA'),
('L76', 'STL'),
('L76', 'TPA'),
('L77', 'ATL'),
('L77', 'AUS'),
('L77', 'BNA'),
('L77', 'BOS'),
('L77', 'BWI'),
('L77', 'CLE'),
('L77', 'CLT'),
('L77', 'DCA'),
('L77', 'DEN'),
('L77', 'DFW'),
('L77', 'DTW'),
('L77', 'EWR'),
('L77', 'FLL'),
('L77', 'HNL'),
('L77', 'HOU'),
('L77', 'IAD'),
('L77', 'IAH'),
('L77', 'JFK'),
('L77', 'LAS'),
('L77', 'LAX'),
('L77', 'LGA'),
('L77', 'MCI'),
('L77', 'MCO'),
('L77', 'MDW'),
('L77', 'MIA'),
('L77', 'MSP'),
('L77', 'OAK'),
('L77', 'ORD'),
('L77', 'PDX'),
('L77', 'PHL'),
('L77', 'PHX'),
('L77', 'RDU'),
('L77', 'SAN'),
('L77', 'SEA'),
('L77', 'SFO'),
('L77', 'SLC'),
('L77', 'SMF'),
('L77', 'SNA'),
('L77', 'STL'),
('L77', 'TPA'),
('M99', 'ATL'),
('M99', 'AUS'),
('M99', 'BNA'),
('M99', 'BOS'),
('M99', 'BWI'),
('M99', 'CLE'),
('M99', 'CLT'),
('M99', 'DCA'),
('M99', 'DEN'),
('M99', 'DFW'),
('M99', 'DTW'),
('M99', 'EWR'),
('M99', 'FLL'),
('M99', 'HNL'),
('M99', 'HOU'),
('M99', 'IAD'),
('M99', 'IAH'),
('M99', 'JFK'),
('M99', 'LAS'),
('M99', 'LAX'),
('M99', 'LGA'),
('M99', 'MCI'),
('M99', 'MCO'),
('M99', 'MDW'),
('M99', 'MIA'),
('M99', 'MSP'),
('M99', 'OAK'),
('M99', 'ORD'),
('M99', 'PDX'),
('M99', 'PHL'),
('M99', 'PHX'),
('M99', 'RDU'),
('M99', 'SAN'),
('M99', 'SEA'),
('M99', 'SFO'),
('M99', 'SLC'),
('M99', 'SMF'),
('M99', 'SNA'),
('M99', 'STL'),
('M99', 'TPA'),
('MM2', 'ATL'),
('MM2', 'AUS'),
('MM2', 'BNA'),
('MM2', 'BOS'),
('MM2', 'BWI'),
('MM2', 'CLE'),
('MM2', 'CLT'),
('MM2', 'DCA'),
('MM2', 'DEN'),
('MM2', 'DFW'),
('MM2', 'DTW'),
('MM2', 'EWR'),
('MM2', 'FLL'),
('MM2', 'HNL'),
('MM2', 'HOU'),
('MM2', 'IAD'),
('MM2', 'IAH'),
('MM2', 'JFK'),
('MM2', 'LAS'),
('MM2', 'LAX'),
('MM2', 'LGA'),
('MM2', 'MCI'),
('MM2', 'MCO'),
('MM2', 'MDW'),
('MM2', 'MIA'),
('MM2', 'MSP'),
('MM2', 'OAK'),
('MM2', 'ORD'),
('MM2', 'PDX'),
('MM2', 'PHL'),
('MM2', 'PHX'),
('MM2', 'RDU'),
('MM2', 'SAN'),
('MM2', 'SEA'),
('MM2', 'SFO'),
('MM2', 'SLC'),
('MM2', 'SMF'),
('MM2', 'SNA'),
('MM2', 'STL'),
('MM2', 'TPA');

-- --------------------------------------------------------

--
-- Table structure for table `fare`
--

CREATE TABLE `fare` (
  `Flight_number` varchar(20) NOT NULL,
  `Fare_code` varchar(20) NOT NULL,
  `Amount` float NOT NULL,
  `Restrictions` varchar(200) DEFAULT NULL
) ENGINE=InnoDB DEFAULT CHARSET=utf8mb4;

--
-- Dumping data for table `fare`
--

INSERT INTO `fare` (`Flight_number`, `Fare_code`, `Amount`, `Restrictions`) VALUES
('1038', 'business', 1017, 'refundable'),
('1038', 'coach', 501, 'non-refundable'),
('1038', 'first_class', 917, 'non-refundable'),
('1047', 'business', 923, 'refundable'),
('1047', 'coach', 601, 'non-refundable'),
('1047', 'first_class', 823, 'non-refundable'),
('1093', 'business', 1051, 'refundable'),
('1093', 'coach', 674, 'non-refundable'),
('1093', 'first_class', 951, 'non-refundable'),
('1106', 'business', 929, 'refundable'),
('1106', 'coach', 619, 'non-refundable'),
('1106', 'first_class', 829, 'non-refundable'),
('1111', 'business', 1029, 'refundable'),
('1111', 'coach', 697, 'non-refundable'),
('1111', 'first_class', 929, 'non-refundable'),
('1182', 'business', 328, 'non-refundable'),
('1182', 'coach', 378, 'refundable'),
('1182', 'first_class', 765, 'refundable'),
('1295', 'business', 349, 'non-refundable'),
('1295', 'coach', 399, 'refundable'),
('1295', 'first_class', 656, 'refundable'),
('1473', 'business', 1063, 'refundable'),
('1473', 'coach', 526, 'non-refundable'),
('1473', 'first_class', 963, 'non-refundable'),
('1486', 'business', 354, 'non-refundable'),
('1486', 'coach', 404, 'refundable'),
('1486', 'first_class', 647, 'refundable'),
('1540', 'business', 274, 'non-refundable'),
('1540', 'coach', 324, 'refundable'),
('1540', 'first_class', 693, 'refundable'),
('1555', 'business', 1054, 'refundable'),
('1555', 'coach', 629, 'non-refundable'),
('1555', 'first_class', 954, 'non-refundable'),
('162', 'business', 1094, 'refundable'),
('162', 'coach', 657, 'non-refundable'),
('162', 'first_class', 994, 'non-refundable'),
('1708', 'business', 1035, 'refundable'),
('1708', 'coach', 628, 'non-refundable'),
('1708', 'first_class', 935, 'non-refundable'),
('1780', 'business', 232, 'non-refundable'),
('1780', 'coach', 282, 'refundable'),
('1780', 'first_class', 583, 'refundable'),
('1812', 'business', 392, 'non-refundable'),
('1812', 'coach', 442, 'refundable'),
('1812', 'first_class', 732, 'refundable'),
('199', 'business', 1067, 'refundable'),
('199', 'coach', 690, 'non-refundable'),
('199', 'first_class', 967, 'non-refundable'),
('1992', 'business', 945, 'refundable'),
('1992', 'coach', 627, 'non-refundable'),
('1992', 'first_class', 845, 'non-refundable'),
('2114', 'business', 289, 'non-refundable'),
('2114', 'coach', 339, 'refundable'),
('2114', 'first_class', 694, 'refundable'),
('2134', 'business', 255, 'non-refundable'),
('2134', 'coach', 305, 'refundable'),
('2134', 'first_class', 746, 'refundable'),
('2267', 'business', 957, 'refundable'),
('2267', 'coach', 629, 'non-refundable'),
('2267', 'first_class', 857, 'non-refundable'),
('2283', 'business', 249, 'non-refundable'),
('2283', 'coach', 299, 'refundable'),
('2283', 'first_class', 714, 'refundable'),
('2419', 'business', 1069, 'refundable'),
('2419', 'coach', 551, 'non-refundable'),
('2419', 'first_class', 969, 'non-refundable'),
('2541', 'business', 242, 'non-refundable'),
('2541', 'coach', 292, 'refundable'),
('2541', 'first_class', 758, 'refundable'),
('2542', 'business', 1031, 'refundable'),
('2542', 'coach', 657, 'non-refundable'),
('2542', 'first_class', 931, 'non-refundable'),
('260', 'business', 922, 'refundable'),
('260', 'coach', 514, 'non-refundable'),
('260', 'first_class', 822, 'non-refundable'),
('2644', 'business', 1055, 'refundable'),
('2644', 'coach', 532, 'non-refundable'),
('2644', 'first_class', 955, 'non-refundable'),
('2782', 'business', 391, 'non-refundable'),
('2782', 'coach', 441, 'refundable'),
('2782', 'first_class', 617, 'refundable'),
('281', 'business', 1068, 'refundable'),
('281', 'coach', 547, 'non-refundable'),
('281', 'first_class', 968, 'non-refundable'),
('2918', 'business', 235, 'non-refundable'),
('2918', 'coach', 285, 'refundable'),
('2918', 'first_class', 763, 'refundable'),
('2958', 'business', 256, 'non-refundable'),
('2958', 'coach', 306, 'refundable'),
('2958', 'first_class', 631, 'refundable'),
('3077', 'business', 1054, 'refundable'),
('3077', 'coach', 617, 'non-refundable'),
('3077', 'first_class', 954, 'non-refundable'),
('3256', 'business', 935, 'refundable'),
('3256', 'coach', 539, 'non-refundable'),
('3256', 'first_class', 835, 'non-refundable'),
('3515', 'business', 358, 'non-refundable'),
('3515', 'coach', 408, 'refundable'),
('3515', 'first_class', 774, 'refundable'),
('3558', 'business', 931, 'refundable'),
('3558', 'coach', 671, 'non-refundable'),
('3558', 'first_class', 831, 'non-refundable'),
('3695', 'business', 984, 'refundable'),
('3695', 'coach', 656, 'non-refundable'),
('3695', 'first_class', 884, 'non-refundable'),
('3743', 'business', 1026, 'refundable'),
('3743', 'coach', 652, 'non-refundable'),
('3743', 'first_class', 926, 'non-refundable'),
('393', 'business', 1082, 'refundable'),
('393', 'coach', 683, 'non-refundable'),
('393', 'first_class', 982, 'non-refundable'),
('3951', 'business', 975, 'refundable'),
('3951', 'coach', 690, 'non-refundable'),
('3951', 'first_class', 875, 'non-refundable'),
('3952', 'business', 972, 'refundable'),
('3952', 'coach', 560, 'non-refundable'),
('3952', 'first_class', 872, 'non-refundable'),
('4008', 'business', 353, 'non-refundable'),
('4008', 'coach', 403, 'refundable'),
('4008', 'first_class', 727, 'refundable'),
('4009', 'business', 241, 'non-refundable'),
('4009', 'coach', 291, 'refundable'),
('4009', 'first_class', 626, 'refundable'),
('4280', 'business', 227, 'non-refundable'),
('4280', 'coach', 277, 'refundable'),
('4280', 'first_class', 708, 'refundable'),
('4352', 'business', 338, 'non-refundable'),
('4352', 'coach', 388, 'refundable'),
('4352', 'first_class', 732, 'refundable'),
('4385', 'business', 311, 'non-refundable'),
('4385', 'coach', 361, 'refundable'),
('4385', 'first_class', 702, 'refundable'),
('4447', 'business', 256, 'non-refundable'),
('4447', 'coach', 306, 'refundable'),
('4447', 'first_class', 672, 'refundable'),
('4452', 'business', 993, 'refundable'),
('4452', 'coach', 508, 'non-refundable'),
('4452', 'first_class', 893, 'non-refundable'),
('4495', 'business', 1042, 'refundable'),
('4495', 'coach', 680, 'non-refundable'),
('4495', 'first_class', 942, 'non-refundable'),
('4553', 'business', 1050, 'refundable'),
('4553', 'coach', 526, 'non-refundable'),
('4553', 'first_class', 950, 'non-refundable'),
('4567', 'business', 247, 'non-refundable'),
('4567', 'coach', 297, 'refundable'),
('4567', 'first_class', 576, 'refundable'),
('4623', 'business', 1060, 'refundable'),
('4623', 'coach', 532, 'non-refundable'),
('4623', 'first_class', 960, 'non-refundable'),
('4655', 'business', 264, 'non-refundable'),
('4655', 'coach', 314, 'refundable'),
('4655', 'first_class', 576, 'refundable'),
('4664', 'business', 285, 'non-refundable'),
('4664', 'coach', 335, 'refundable'),
('4664', 'first_class', 626, 'refundable'),
('4800', 'business', 940, 'refundable'),
('4800', 'coach', 624, 'non-refundable'),
('4800', 'first_class', 840, 'non-refundable'),
('4866', 'business', 393, 'non-refundable'),
('4866', 'coach', 443, 'refundable'),
('4866', 'first_class', 761, 'refundable'),
('4891', 'business', 267, 'non-refundable'),
('4891', 'coach', 317, 'refundable'),
('4891', 'first_class', 775, 'refundable'),
('498', 'business', 368, 'non-refundable'),
('498', 'coach', 418, 'refundable'),
('498', 'first_class', 765, 'refundable'),
('5020', 'business', 976, 'refundable'),
('5020', 'coach', 657, 'non-refundable'),
('5020', 'first_class', 876, 'non-refundable'),
('5075', 'business', 216, 'non-refundable'),
('5075', 'coach', 266, 'refundable'),
('5075', 'first_class', 732, 'refundable'),
('5171', 'business', 342, 'non-refundable'),
('5171', 'coach', 392, 'refundable'),
('5171', 'first_class', 676, 'refundable'),
('5222', 'business', 940, 'refundable'),
('5222', 'coach', 572, 'non-refundable'),
('5222', 'first_class', 840, 'non-refundable'),
('5299', 'business', 274, 'non-refundable'),
('5299', 'coach', 324, 'refundable'),
('5299', 'first_class', 589, 'refundable'),
('5352', 'business', 1063, 'refundable'),
('5352', 'coach', 633, 'non-refundable'),
('5352', 'first_class', 963, 'non-refundable'),
('5358', 'business', 984, 'refundable'),
('5358', 'coach', 504, 'non-refundable'),
('5358', 'first_class', 884, 'non-refundable'),
('536', 'business', 352, 'non-refundable'),
('536', 'coach', 402, 'refundable'),
('536', 'first_class', 749, 'refundable'),
('5364', 'business', 299, 'non-refundable'),
('5364', 'coach', 349, 'refundable'),
('5364', 'first_class', 697, 'refundable'),
('5417', 'business', 250, 'non-refundable'),
('5417', 'coach', 300, 'refundable'),
('5417', 'first_class', 607, 'refundable'),
('5496', 'business', 942, 'refundable'),
('5496', 'coach', 627, 'non-refundable'),
('5496', 'first_class', 842, 'non-refundable'),
('5817', 'business', 395, 'non-refundable'),
('5817', 'coach', 445, 'refundable'),
('5817', 'first_class', 772, 'refundable'),
('5823', 'business', 922, 'refundable'),
('5823', 'coach', 699, 'non-refundable'),
('5823', 'first_class', 822, 'non-refundable'),
('59', 'business', 277, 'non-refundable'),
('59', 'coach', 327, 'refundable'),
('59', 'first_class', 660, 'refundable'),
('6190', 'business', 977, 'refundable'),
('6190', 'coach', 622, 'non-refundable'),
('6190', 'first_class', 877, 'non-refundable'),
('6259', 'business', 1059, 'refundable'),
('6259', 'coach', 509, 'non-refundable'),
('6259', 'first_class', 959, 'non-refundable'),
('6273', 'business', 212, 'non-refundable'),
('6273', 'coach', 262, 'refundable'),
('6273', 'first_class', 579, 'refundable'),
('6496', 'business', 988, 'refundable'),
('6496', 'coach', 501, 'non-refundable'),
('6496', 'first_class', 888, 'non-refundable'),
('6644', 'business', 355, 'non-refundable'),
('6644', 'coach', 405, 'refundable'),
('6644', 'first_class', 759, 'refundable'),
('6737', 'business', 343, 'non-refundable'),
('6737', 'coach', 393, 'refundable'),
('6737', 'first_class', 614, 'refundable'),
('6836', 'business', 274, 'non-refundable'),
('6836', 'coach', 324, 'refundable'),
('6836', 'first_class', 622, 'refundable'),
('6891', 'business', 1083, 'refundable'),
('6891', 'coach', 639, 'non-refundable'),
('6891', 'first_class', 983, 'non-refundable'),
('6982', 'business', 365, 'non-refundable'),
('6982', 'coach', 415, 'refundable'),
('6982', 'first_class', 601, 'refundable'),
('7027', 'business', 204, 'non-refundable'),
('7027', 'coach', 254, 'refundable'),
('7027', 'first_class', 702, 'refundable'),
('7046', 'coach', 320, 'refundable'),
('7203', 'business', 1010, 'refundable'),
('7203', 'coach', 684, 'non-refundable'),
('7203', 'first_class', 910, 'non-refundable'),
('731', 'business', 991, 'refundable'),
('731', 'coach', 556, 'non-refundable'),
('731', 'first_class', 891, 'non-refundable'),
('7428', 'business', 1071, 'refundable'),
('7428', 'coach', 581, 'non-refundable'),
('7428', 'first_class', 971, 'non-refundable'),
('7454', 'business', 358, 'non-refundable'),
('7454', 'coach', 408, 'refundable'),
('7454', 'first_class', 704, 'refundable'),
('7478', 'business', 391, 'non-refundable'),
('7478', 'coach', 441, 'refundable'),
('7478', 'first_class', 758, 'refundable'),
('7830', 'business', 398, 'non-refundable'),
('7830', 'coach', 448, 'refundable'),
('7830', 'first_class', 607, 'refundable'),
('7858', 'business', 232, 'non-refundable'),
('7858', 'coach', 282, 'refundable'),
('7858', 'first_class', 694, 'refundable'),
('8095', 'business', 317, 'non-refundable'),
('8095', 'coach', 367, 'refundable'),
('8095', 'first_class', 703, 'refundable'),
('811', 'business', 344, 'non-refundable'),
('811', 'coach', 394, 'refundable'),
('811', 'first_class', 755, 'refundable'),
('8204', 'business', 387, 'non-refundable'),
('8204', 'coach', 437, 'refundable'),
('8204', 'first_class', 731, 'refundable'),
('8234', 'business', 261, 'non-refundable'),
('8234', 'coach', 311, 'refundable'),
('8234', 'first_class', 704, 'refundable'),
('8283', 'business', 1081, 'refundable'),
('8283', 'coach', 618, 'non-refundable'),
('8283', 'first_class', 981, 'non-refundable'),
('8381', 'business', 1036, 'refundable'),
('8381', 'coach', 683, 'non-refundable'),
('8381', 'first_class', 936, 'non-refundable'),
('8490', 'business', 1012, 'refundable'),
('8490', 'coach', 688, 'non-refundable'),
('8490', 'first_class', 912, 'non-refundable'),
('8524', 'business', 1020, 'refundable'),
('8524', 'coach', 604, 'non-refundable'),
('8524', 'first_class', 920, 'non-refundable'),
('8835', 'business', 934, 'refundable'),
('8835', 'coach', 597, 'non-refundable'),
('8835', 'first_class', 834, 'non-refundable'),
('8863', 'business', 1045, 'refundable'),
('8863', 'coach', 585, 'non-refundable'),
('8863', 'first_class', 945, 'non-refundable'),
('8877', 'business', 251, 'non-refundable'),
('8877', 'coach', 301, 'refundable'),
('8877', 'first_class', 679, 'refundable'),
('896', 'business', 290, 'non-refundable'),
('896', 'coach', 340, 'refundable'),
('896', 'first_class', 692, 'refundable'),
('8993', 'business', 394, 'non-refundable'),
('8993', 'coach', 444, 'refundable'),
('8993', 'first_class', 601, 'refundable'),
('9255', 'business', 1046, 'refundable'),
('9255', 'coach', 700, 'non-refundable'),
('9255', 'first_class', 946, 'non-refundable'),
('9449', 'business', 238, 'non-refundable'),
('9449', 'coach', 288, 'refundable'),
('9449', 'first_class', 635, 'refundable'),
('9476', 'business', 1037, 'refundable'),
('9476', 'coach', 619, 'non-refundable'),
('9476', 'first_class', 937, 'non-refundable'),
('9506', 'business', 1044, 'refundable'),
('9506', 'coach', 686, 'non-refundable'),
('9506', 'first_class', 944, 'non-refundable'),
('9835', 'business', 1090, 'refundable'),
('9835', 'coach', 551, 'non-refundable'),
('9835', 'first_class', 990, 'non-refundable'),
('9851', 'business', 291, 'non-refundable'),
('9851', 'coach', 341, 'refundable'),
('9851', 'first_class', 584, 'refundable'),
('987', 'business', 1072, 'refundable'),
('987', 'coach', 542, 'non-refundable'),
('987', 'first_class', 972, 'non-refundable'),
('9951', 'business', 228, 'non-refundable'),
('9951', 'coach', 278, 'refundable'),
('9951', 'first_class', 699, 'refundable');

-- --------------------------------------------------------

--
-- Table structure for table `flight`
--

CREATE TABLE `flight` (
  `Flight_number` varchar(20) NOT NULL,
  `Airline` varchar(50) NOT NULL,
  `Weekdays` varchar(100) NOT NULL
) ENGINE=InnoDB DEFAULT CHARSET=utf8mb4;

--
-- Dumping data for table `flight`
--

INSERT INTO `flight` (`Flight_number`, `Airline`, `Weekdays`) VALUES
('100', 'AA', 'Sun_Mon_Tue_Wed_Thu_Fri_Sat'),
('1001', 'WN', 'Mon_Wed_Thu_Fri'),
('1003', 'WN', 'Sun_Mon_Tue_Wed_Thu_Fri_Sat'),
('1008', 'US', 'Sun_Mon_Tue_Wed_Thu_Fri_Sat'),
('1009', 'WN', 'Sun_Mon_Tue_Wed_Thu_Fri_Sat'),
('1010', 'WN', 'Sun_Mon_Tue_Wed_Thu_Fri_Sat'),
('1011', 'DL', 'Sun_Mon_Tue_Wed_Thu_Fri_Sat'),
('1015', 'WN', 'Sun_Mon_Tue_Wed_Thu_Fri_Sat'),
('1016', 'AA', 'Mon_Wed_Thu_Fri'),
('1019', 'AA', 'Mon_Wed_Thu_Fri'),
('1020', 'DL', 'Sun_Mon_Tue_Wed_Thu_Fri_Sat'),
('1024', 'AA', 'Sun_Mon_Tue_Wed_Thu_Fri_Sat'),
('103', 'AA', 'Sun_Mon_Tue_Wed_Thu_Fri_Sat'),
('1031', 'AA', 'Sun_Mon_Tue_Wed_Thu_Fri_Sat'),
('1037', 'US', 'Mon_Wed_Thu_Fri'),
('1038', 'AA', 'Mon_Wed_Thu_Fri'),
('1039', 'US', 'Sun_Mon_Tue_Wed_Thu_Fri_Sat'),
('1041', 'DL', 'Mon_Wed_Thu_Fri'),
('1043', 'B6', 'Sun_Mon_Tue_Wed_Thu_Fri_Sat'),
('1045', 'B6', 'Mon_Wed_Thu_Fri'),
('1047', 'AA', 'Sun_Mon_Tue_Wed_Thu_Fri_Sat'),
('1060', 'WN', 'Sun_Mon_Tue_Wed_Thu_Fri_Sat'),
('1062', 'US', 'Sun_Mon_Tue_Wed_Thu_Fri_Sat'),
('1063', 'US', 'Mon_Wed_Thu_Fri'),
('107', 'US', 'Sun_Mon_Tue_Wed_Thu_Fri_Sat'),
('1077', 'US', 'Sun_Mon_Tue_Wed_Thu_Fri_Sat'),
('1078', 'DL', 'Sun_Mon_Tue_Wed_Thu_Fri_Sat'),
('1080', 'AA', 'Sun_Mon_Tue_Wed_Thu_Fri_Sat'),
('1086', 'DL', 'Sun_Mon_Tue_Wed_Thu_Fri_Sat'),
('1088', 'WN', 'Mon_Wed_Thu_Fri'),
('1093', 'AA', 'Mon_Wed_Thu_Fri'),
('1094', 'US', 'Sun_Mon_Tue_Wed_Thu_Fri_Sat'),
('1095', 'US', 'Mon_Wed_Thu_Fri'),
('1096', 'AA', 'Mon_Wed_Thu_Fri'),
('1100', 'UA', 'Sun_Mon_Tue_Wed_Thu_Fri_Sat'),
('1102', 'DL', 'Sun_Mon_Tue_Wed_Thu_Fri_Sat'),
('1104', 'DL', 'Mon_Wed_Thu_Fri'),
('1106', 'AA', 'Sun_Mon_Tue_Wed_Thu_Fri_Sat'),
('1108', 'WN', 'Sun_Mon_Tue_Wed_Thu_Fri_Sat'),
('111', 'DL', 'Mon_Wed_Thu_Fri'),
('1110', 'DL', 'Sun_Mon_Tue_Wed_Thu_Fri_Sat'),
('1111', 'AA', 'Sun_Mon_Tue_Wed_Thu_Fri_Sat'),
('1113', 'US', 'Sun_Mon_Tue_Wed_Thu_Fri_Sat'),
('1115', 'US', 'Sun_Mon_Tue_Wed_Thu_Fri_Sat'),
('1127', 'AA', 'Sun_Mon_Tue_Wed_Thu_Fri_Sat'),
('1128', 'WN', 'Sun_Mon_Tue_Wed_Thu_Fri_Sat'),
('1129', 'AA', 'Sun_Mon_Tue_Wed_Thu_Fri_Sat'),
('1135', 'AA', 'Sun_Mon_Tue_Wed_Thu_Fri_Sat'),
('1142', 'DL', 'Sun_Mon_Tue_Wed_Thu_Fri_Sat'),
('1148', 'AA', 'Sun_Mon_Tue_Wed_Thu_Fri_Sat'),
('1150', 'AA', 'Mon_Wed_Thu_Fri'),
('1157', 'AA', 'Mon_Wed_Thu_Fri'),
('1159', 'US', 'Sun_Mon_Tue_Wed_Thu_Fri_Sat'),
('1161', 'US', 'Sun_Mon_Tue_Wed_Thu_Fri_Sat'),
('1162', 'AA', 'Mon_Wed_Thu_Fri'),
('1163', 'US', 'Mon_Wed_Thu_Fri'),
('1164', 'AA', 'Mon_Wed_Thu_Fri'),
('1165', 'DL', 'Sun_Mon_Tue_Wed_Thu_Fri_Sat'),
('1167', 'US', 'Sun_Mon_Tue_Wed_Thu_Fri_Sat'),
('1169', 'AA', 'Sun_Mon_Tue_Wed_Thu_Fri_Sat'),
('117', 'DL', 'Mon_Wed_Thu_Fri'),
('1170', 'US', 'Sun_Mon_Tue_Wed_Thu_Fri_Sat'),
('1174', 'DL', 'Sun_Mon_Tue_Wed_Thu_Fri_Sat'),
('1181', 'DL', 'Mon_Wed_Thu_Fri'),
('1182', 'AA', 'Sun_Mon_Tue_Wed_Thu_Fri_Sat'),
('1186', 'UA', 'Sun_Mon_Tue_Wed_Thu_Fri_Sat'),
('1189', 'DL', 'Mon_Wed_Thu_Fri'),
('1194', 'UA', 'Sun_Mon_Tue_Wed_Thu_Fri_Sat'),
('1196', 'UA', 'Sun_Mon_Tue_Wed_Thu_Fri_Sat'),
('1197', 'US', 'Mon_Wed_Thu_Fri'),
('1199', 'WN', 'Sun_Mon_Tue_Wed_Thu_Fri_Sat'),
('120', 'US', 'Sun_Mon_Tue_Wed_Thu_Fri_Sat'),
('1203', 'B6', 'Sun_Mon_Tue_Wed_Thu_Fri_Sat'),
('1205', 'AA', 'Sun_Mon_Tue_Wed_Thu_Fri_Sat'),
('121', 'DL', 'Sun_Mon_Tue_Wed_Thu_Fri_Sat'),
('1210', 'US', 'Sun_Mon_Tue_Wed_Thu_Fri_Sat'),
('1212', 'US', 'Mon_Wed_Thu_Fri'),
('1213', 'B6', 'Mon_Wed_Thu_Fri'),
('1215', 'UA', 'Mon_Wed_Thu_Fri'),
('1216', 'US', 'Sun_Mon_Tue_Wed_Thu_Fri_Sat'),
('1217', 'AA', 'Sun_Mon_Tue_Wed_Thu_Fri_Sat'),
('1218', 'DL', 'Sun_Mon_Tue_Wed_Thu_Fri_Sat'),
('1221', 'WN', 'Sun_Mon_Tue_Wed_Thu_Fri_Sat'),
('1223', 'US', 'Sun_Mon_Tue_Wed_Thu_Fri_Sat'),
('1224', 'AA', 'Sun_Mon_Tue_Wed_Thu_Fri_Sat'),
('1230', 'WN', 'Mon_Wed_Thu_Fri'),
('1231', 'UA', 'Sun_Mon_Tue_Wed_Thu_Fri_Sat'),
('1234', 'DL', 'Sun_Mon_Tue_Wed_Thu_Fri_Sat'),
('1244', 'UA', 'Sun_Mon_Tue_Wed_Thu_Fri_Sat'),
('1247', 'US', 'Sun_Mon_Tue_Wed_Thu_Fri_Sat'),
('1249', 'US', 'Sun_Mon_Tue_Wed_Thu_Fri_Sat'),
('1252', 'US', 'Sun_Mon_Tue_Wed_Thu_Fri_Sat'),
('1255', 'AA', 'Sun_Mon_Tue_Wed_Thu_Fri_Sat'),
('1258', 'B6', 'Sun_Mon_Tue_Wed_Thu_Fri_Sat'),
('1259', 'WN', 'Sun_Mon_Tue_Wed_Thu_Fri_Sat'),
('126', 'WN', 'Mon_Wed_Thu_Fri'),
('1266', 'AA', 'Mon_Wed_Thu_Fri'),
('1270', 'DL', 'Sun_Mon_Tue_Wed_Thu_Fri_Sat'),
('1271', 'DL', 'Sun_Mon_Tue_Wed_Thu_Fri_Sat'),
('1276', 'US', 'Mon_Wed_Thu_Fri'),
('1277', 'US', 'Sun_Mon_Tue_Wed_Thu_Fri_Sat'),
('128', 'US', 'Sun_Mon_Tue_Wed_Thu_Fri_Sat'),
('1286', 'UA', 'Sun_Mon_Tue_Wed_Thu_Fri_Sat'),
('1294', 'AA', 'Sun_Mon_Tue_Wed_Thu_Fri_Sat'),
('1295', 'AA', 'Sun_Mon_Tue_Wed_Thu_Fri_Sat'),
('1296', 'AA', 'Sun_Mon_Tue_Wed_Thu_Fri_Sat'),
('130', 'WN', 'Sun_Mon_Tue_Wed_Thu_Fri_Sat'),
('1306', 'DL', 'Mon_Wed_Thu_Fri'),
('1308', 'AA', 'Sun_Mon_Tue_Wed_Thu_Fri_Sat'),
('1309', 'WN', 'Sun_Mon_Tue_Wed_Thu_Fri_Sat'),
('131', 'AA', 'Sun_Mon_Tue_Wed_Thu_Fri_Sat'),
('1311', 'WN', 'Sun_Mon_Tue_Wed_Thu_Fri_Sat'),
('1317', 'US', 'Mon_Wed_Thu_Fri'),
('1323', 'DL', 'Sun_Mon_Tue_Wed_Thu_Fri_Sat'),
('1326', 'UA', 'Sun_Mon_Tue_Wed_Thu_Fri_Sat'),
('1335', 'DL', 'Sun_Mon_Tue_Wed_Thu_Fri_Sat'),
('1336', 'AA', 'Sun_Mon_Tue_Wed_Thu_Fri_Sat'),
('1337', 'US', 'Sun_Mon_Tue_Wed_Thu_Fri_Sat'),
('1338', 'WN', 'Sun_Mon_Tue_Wed_Thu_Fri_Sat'),
('1353', 'US', 'Sun_Mon_Tue_Wed_Thu_Fri_Sat'),
('1362', 'WN', 'Mon_Wed_Thu_Fri'),
('1363', 'DL', 'Sun_Mon_Tue_Wed_Thu_Fri_Sat'),
('1366', 'UA', 'Sun_Mon_Tue_Wed_Thu_Fri_Sat'),
('1369', 'DL', 'Sun_Mon_Tue_Wed_Thu_Fri_Sat'),
('1371', 'UA', 'Mon_Wed_Thu_Fri'),
('1374', 'US', 'Sun_Mon_Tue_Wed_Thu_Fri_Sat'),
('1378', 'AA', 'Sun_Mon_Tue_Wed_Thu_Fri_Sat'),
('1380', 'AA', 'Mon_Wed_Thu_Fri'),
('1383', 'WN', 'Mon_Wed_Thu_Fri'),
('1384', 'AA', 'Sun_Mon_Tue_Wed_Thu_Fri_Sat'),
('1388', 'UA', 'Sun_Mon_Tue_Wed_Thu_Fri_Sat'),
('139', 'US', 'Mon_Wed_Thu_Fri'),
('1394', 'AA', 'Mon_Wed_Thu_Fri'),
('1396', 'AA', 'Mon_Wed_Thu_Fri'),
('1398', 'UA', 'Sun_Mon_Tue_Wed_Thu_Fri_Sat'),
('1400', 'UA', 'Mon_Wed_Thu_Fri'),
('1401', 'US', 'Sun_Mon_Tue_Wed_Thu_Fri_Sat'),
('1406', 'AA', 'Sun_Mon_Tue_Wed_Thu_Fri_Sat'),
('1411', 'WN', 'Sun_Mon_Tue_Wed_Thu_Fri_Sat'),
('1413', 'AA', 'Sun_Mon_Tue_Wed_Thu_Fri_Sat'),
('1416', 'DL', 'Sun_Mon_Tue_Wed_Thu_Fri_Sat'),
('1418', 'AA', 'Sun_Mon_Tue_Wed_Thu_Fri_Sat'),
('1420', 'UA', 'Mon_Wed_Thu_Fri'),
('1421', 'DL', 'Sun_Mon_Tue_Wed_Thu_Fri_Sat'),
('1424', 'WN', 'Mon_Wed_Thu_Fri'),
('143', 'WN', 'Sun_Mon_Tue_Wed_Thu_Fri_Sat'),
('1430', 'DL', 'Mon_Wed_Thu_Fri'),
('1434', 'AA', 'Sun_Mon_Tue_Wed_Thu_Fri_Sat'),
('1436', 'AA', 'Mon_Wed_Thu_Fri'),
('1438', 'US', 'Sun_Mon_Tue_Wed_Thu_Fri_Sat'),
('144', 'US', 'Sun_Mon_Tue_Wed_Thu_Fri_Sat'),
('1448', 'AA', 'Sun_Mon_Tue_Wed_Thu_Fri_Sat'),
('1449', 'AA', 'Sun_Mon_Tue_Wed_Thu_Fri_Sat'),
('1450', 'AA', 'Mon_Wed_Thu_Fri'),
('1457', 'US', 'Sun_Mon_Tue_Wed_Thu_Fri_Sat'),
('1458', 'WN', 'Sun_Mon_Tue_Wed_Thu_Fri_Sat'),
('146', 'WN', 'Mon_Wed_Thu_Fri'),
('1460', 'AA', 'Mon_Wed_Thu_Fri'),
('1464', 'UA', 'Sun_Mon_Tue_Wed_Thu_Fri_Sat'),
('1465', 'B6', 'Sun_Mon_Tue_Wed_Thu_Fri_Sat'),
('1466', 'AA', 'Sun_Mon_Tue_Wed_Thu_Fri_Sat'),
('1468', 'UA', 'Sun_Mon_Tue_Wed_Thu_Fri_Sat'),
('1471', 'WN', 'Sun_Mon_Tue_Wed_Thu_Fri_Sat'),
('1472', 'WN', 'Sun_Mon_Tue_Wed_Thu_Fri_Sat'),
('1473', 'AA', 'Sun_Mon_Tue_Wed_Thu_Fri_Sat'),
('1474', 'WN', 'Sun_Mon_Tue_Wed_Thu_Fri_Sat'),
('1476', 'DL', 'Sun_Mon_Tue_Wed_Thu_Fri_Sat'),
('1478', 'DL', 'Sun_Mon_Tue_Wed_Thu_Fri_Sat'),
('148', 'UA', 'Mon_Wed_Thu_Fri'),
('1482', 'US', 'Sun_Mon_Tue_Wed_Thu_Fri_Sat'),
('1484', 'WN', 'Sun_Mon_Tue_Wed_Thu_Fri_Sat'),
('1486', 'AA', 'Sun_Mon_Tue_Wed_Thu_Fri_Sat'),
('1488', 'UA', 'Sun_Mon_Tue_Wed_Thu_Fri_Sat'),
('149', 'US', 'Sun_Mon_Tue_Wed_Thu_Fri_Sat'),
('1494', 'UA', 'Sun_Mon_Tue_Wed_Thu_Fri_Sat'),
('1495', 'US', 'Mon_Wed_Thu_Fri'),
('1502', 'UA', 'Mon_Wed_Thu_Fri'),
('1503', 'US', 'Sun_Mon_Tue_Wed_Thu_Fri_Sat'),
('1505', 'DL', 'Mon_Wed_Thu_Fri'),
('1506', 'AA', 'Sun_Mon_Tue_Wed_Thu_Fri_Sat'),
('1509', 'UA', 'Sun_Mon_Tue_Wed_Thu_Fri_Sat'),
('151', 'US', 'Sun_Mon_Tue_Wed_Thu_Fri_Sat'),
('1516', 'US', 'Sun_Mon_Tue_Wed_Thu_Fri_Sat'),
('1517', 'US', 'Mon_Wed_Thu_Fri'),
('1518', 'UA', 'Sun_Mon_Tue_Wed_Thu_Fri_Sat'),
('1522', 'US', 'Sun_Mon_Tue_Wed_Thu_Fri_Sat'),
('1523', 'UA', 'Sun_Mon_Tue_Wed_Thu_Fri_Sat'),
('1525', 'DL', 'Mon_Wed_Thu_Fri'),
('1527', 'DL', 'Mon_Wed_Thu_Fri'),
('1529', 'UA', 'Sun_Mon_Tue_Wed_Thu_Fri_Sat'),
('1534', 'WN', 'Sun_Mon_Tue_Wed_Thu_Fri_Sat'),
('1536', 'AA', 'Sun_Mon_Tue_Wed_Thu_Fri_Sat'),
('1538', 'UA', 'Sun_Mon_Tue_Wed_Thu_Fri_Sat'),
('1540', 'AA', 'Sun_Mon_Tue_Wed_Thu_Fri_Sat'),
('1541', 'AA', 'Mon_Wed_Thu_Fri'),
('1542', 'UA', 'Sun_Mon_Tue_Wed_Thu_Fri_Sat'),
('1546', 'AA', 'Mon_Wed_Thu_Fri'),
('1547', 'AA', 'Sun_Mon_Tue_Wed_Thu_Fri_Sat'),
('1548', 'US', 'Sun_Mon_Tue_Wed_Thu_Fri_Sat'),
('1550', 'UA', 'Sun_Mon_Tue_Wed_Thu_Fri_Sat'),
('1552', 'UA', 'Sun_Mon_Tue_Wed_Thu_Fri_Sat'),
('1553', 'US', 'Sun_Mon_Tue_Wed_Thu_Fri_Sat'),
('1555', 'AA', 'Mon_Wed_Thu_Fri'),
('1556', 'DL', 'Mon_Wed_Thu_Fri'),
('1557', 'US', 'Mon_Wed_Thu_Fri'),
('1558', 'US', 'Sun_Mon_Tue_Wed_Thu_Fri_Sat'),
('156', 'AA', 'Mon_Wed_Thu_Fri'),
('1564', 'UA', 'Sun_Mon_Tue_Wed_Thu_Fri_Sat'),
('1565', 'AA', 'Sun_Mon_Tue_Wed_Thu_Fri_Sat'),
('1571', 'B6', 'Sun_Mon_Tue_Wed_Thu_Fri_Sat'),
('1575', 'WN', 'Sun_Mon_Tue_Wed_Thu_Fri_Sat'),
('1578', 'DL', 'Sun_Mon_Tue_Wed_Thu_Fri_Sat'),
('1580', 'DL', 'Sun_Mon_Tue_Wed_Thu_Fri_Sat'),
('1581', 'US', 'Mon_Wed_Thu_Fri'),
('1582', 'WN', 'Sun_Mon_Tue_Wed_Thu_Fri_Sat'),
('1587', 'UA', 'Mon_Wed_Thu_Fri'),
('1592', 'US', 'Sun_Mon_Tue_Wed_Thu_Fri_Sat'),
('1595', 'B6', 'Mon_Wed_Thu_Fri'),
('1596', 'AA', 'Sun_Mon_Tue_Wed_Thu_Fri_Sat'),
('1597', 'UA', 'Mon_Wed_Thu_Fri'),
('1599', 'UA', 'Mon_Wed_Thu_Fri'),
('1600', 'US', 'Sun_Mon_Tue_Wed_Thu_Fri_Sat'),
('1601', 'AA', 'Mon_Wed_Thu_Fri'),
('1603', 'B6', 'Mon_Wed_Thu_Fri'),
('1611', 'AA', 'Mon_Wed_Thu_Fri'),
('1613', 'DL', 'Sun_Mon_Tue_Wed_Thu_Fri_Sat'),
('1616', 'AA', 'Mon_Wed_Thu_Fri'),
('1618', 'AA', 'Sun_Mon_Tue_Wed_Thu_Fri_Sat'),
('162', 'AA', 'Sun_Mon_Tue_Wed_Thu_Fri_Sat'),
('1620', 'WN', 'Sun_Mon_Tue_Wed_Thu_Fri_Sat'),
('1621', 'AA', 'Sun_Mon_Tue_Wed_Thu_Fri_Sat'),
('1628', 'WN', 'Sun_Mon_Tue_Wed_Thu_Fri_Sat'),
('1630', 'US', 'Mon_Wed_Thu_Fri'),
('1633', 'B6', 'Sun_Mon_Tue_Wed_Thu_Fri_Sat'),
('1636', 'UA', 'Sun_Mon_Tue_Wed_Thu_Fri_Sat'),
('1637', 'US', 'Mon_Wed_Thu_Fri'),
('1641', 'WN', 'Sun_Mon_Tue_Wed_Thu_Fri_Sat'),
('1643', 'AA', 'Mon_Wed_Thu_Fri'),
('1646', 'DL', 'Sun_Mon_Tue_Wed_Thu_Fri_Sat'),
('1653', 'UA', 'Sun_Mon_Tue_Wed_Thu_Fri_Sat'),
('1667', 'US', 'Sun_Mon_Tue_Wed_Thu_Fri_Sat'),
('167', 'AA', 'Mon_Wed_Thu_Fri'),
('168', 'US', 'Mon_Wed_Thu_Fri'),
('1684', 'WN', 'Sun_Mon_Tue_Wed_Thu_Fri_Sat'),
('1685', 'AA', 'Sun_Mon_Tue_Wed_Thu_Fri_Sat'),
('1687', 'US', 'Sun_Mon_Tue_Wed_Thu_Fri_Sat'),
('1699', 'US', 'Sun_Mon_Tue_Wed_Thu_Fri_Sat'),
('1701', 'WN', 'Sun_Mon_Tue_Wed_Thu_Fri_Sat'),
('1705', 'UA', 'Sun_Mon_Tue_Wed_Thu_Fri_Sat'),
('1708', 'AA', 'Sun_Mon_Tue_Wed_Thu_Fri_Sat'),
('1709', 'US', 'Sun_Mon_Tue_Wed_Thu_Fri_Sat'),
('171', 'US', 'Sun_Mon_Tue_Wed_Thu_Fri_Sat'),
('1712', 'DL', 'Sun_Mon_Tue_Wed_Thu_Fri_Sat'),
('1713', 'DL', 'Mon_Wed_Thu_Fri'),
('1719', 'WN', 'Mon_Wed_Thu_Fri'),
('172', 'US', 'Mon_Wed_Thu_Fri'),
('1720', 'AA', 'Mon_Wed_Thu_Fri'),
('1727', 'US', 'Sun_Mon_Tue_Wed_Thu_Fri_Sat'),
('1728', 'UA', 'Sun_Mon_Tue_Wed_Thu_Fri_Sat'),
('173', 'AA', 'Mon_Wed_Thu_Fri'),
('1731', 'WN', 'Mon_Wed_Thu_Fri'),
('1737', 'WN', 'Sun_Mon_Tue_Wed_Thu_Fri_Sat'),
('1740', 'WN', 'Sun_Mon_Tue_Wed_Thu_Fri_Sat'),
('1745', 'US', 'Sun_Mon_Tue_Wed_Thu_Fri_Sat'),
('175', 'WN', 'Sun_Mon_Tue_Wed_Thu_Fri_Sat'),
('1750', 'WN', 'Sun_Mon_Tue_Wed_Thu_Fri_Sat'),
('1751', 'AA', 'Mon_Wed_Thu_Fri'),
('1752', 'WN', 'Sun_Mon_Tue_Wed_Thu_Fri_Sat'),
('1753', 'US', 'Sun_Mon_Tue_Wed_Thu_Fri_Sat'),
('1759', 'WN', 'Sun_Mon_Tue_Wed_Thu_Fri_Sat'),
('176', 'B6', 'Mon_Wed_Thu_Fri'),
('1760', 'AA', 'Sun_Mon_Tue_Wed_Thu_Fri_Sat'),
('1761', 'DL', 'Mon_Wed_Thu_Fri'),
('1763', 'WN', 'Mon_Wed_Thu_Fri'),
('1764', 'US', 'Sun_Mon_Tue_Wed_Thu_Fri_Sat'),
('1771', 'US', 'Mon_Wed_Thu_Fri'),
('1775', 'US', 'Sun_Mon_Tue_Wed_Thu_Fri_Sat'),
('1778', 'DL', 'Sun_Mon_Tue_Wed_Thu_Fri_Sat'),
('1780', 'AA', 'Sun_Mon_Tue_Wed_Thu_Fri_Sat'),
('1782', 'US', 'Sun_Mon_Tue_Wed_Thu_Fri_Sat'),
('1786', 'US', 'Sun_Mon_Tue_Wed_Thu_Fri_Sat'),
('1790', 'AA', 'Sun_Mon_Tue_Wed_Thu_Fri_Sat'),
('1791', 'AA', 'Sun_Mon_Tue_Wed_Thu_Fri_Sat'),
('1796', 'UA', 'Sun_Mon_Tue_Wed_Thu_Fri_Sat'),
('1802', 'AA', 'Mon_Wed_Thu_Fri'),
('1803', 'B6', 'Sun_Mon_Tue_Wed_Thu_Fri_Sat'),
('1807', 'B6', 'Mon_Wed_Thu_Fri'),
('1812', 'AA', 'Sun_Mon_Tue_Wed_Thu_Fri_Sat'),
('1813', 'AA', 'Mon_Wed_Thu_Fri'),
('1817', 'US', 'Mon_Wed_Thu_Fri'),
('1818', 'B6', 'Sun_Mon_Tue_Wed_Thu_Fri_Sat'),
('1819', 'AA', 'Sun_Mon_Tue_Wed_Thu_Fri_Sat'),
('1821', 'WN', 'Mon_Wed_Thu_Fri'),
('1822', 'AA', 'Sun_Mon_Tue_Wed_Thu_Fri_Sat'),
('1823', 'WN', 'Mon_Wed_Thu_Fri'),
('1825', 'WN', 'Sun_Mon_Tue_Wed_Thu_Fri_Sat'),
('1829', 'AA', 'Sun_Mon_Tue_Wed_Thu_Fri_Sat'),
('1831', 'US', 'Sun_Mon_Tue_Wed_Thu_Fri_Sat'),
('1832', 'US', 'Mon_Wed_Thu_Fri'),
('1842', 'DL', 'Sun_Mon_Tue_Wed_Thu_Fri_Sat'),
('1845', 'AA', 'Mon_Wed_Thu_Fri'),
('1847', 'DL', 'Sun_Mon_Tue_Wed_Thu_Fri_Sat'),
('1848', 'B6', 'Sun_Mon_Tue_Wed_Thu_Fri_Sat'),
('1851', 'UA', 'Sun_Mon_Tue_Wed_Thu_Fri_Sat'),
('1852', 'AA', 'Mon_Wed_Thu_Fri'),
('1853', 'UA', 'Sun_Mon_Tue_Wed_Thu_Fri_Sat'),
('1857', 'UA', 'Mon_Wed_Thu_Fri'),
('1858', 'AA', 'Sun_Mon_Tue_Wed_Thu_Fri_Sat'),
('1859', 'B6', 'Mon_Wed_Thu_Fri'),
('1860', 'WN', 'Sun_Mon_Tue_Wed_Thu_Fri_Sat'),
('1862', 'US', 'Mon_Wed_Thu_Fri'),
('1863', 'AA', 'Mon_Wed_Thu_Fri'),
('1864', 'B6', 'Sun_Mon_Tue_Wed_Thu_Fri_Sat'),
('1867', 'AA', 'Sun_Mon_Tue_Wed_Thu_Fri_Sat'),
('1868', 'AA', 'Sun_Mon_Tue_Wed_Thu_Fri_Sat'),
('1871', 'WN', 'Sun_Mon_Tue_Wed_Thu_Fri_Sat'),
('1873', 'US', 'Sun_Mon_Tue_Wed_Thu_Fri_Sat'),
('1874', 'US', 'Sun_Mon_Tue_Wed_Thu_Fri_Sat'),
('1875', 'AA', 'Mon_Wed_Thu_Fri'),
('1876', 'UA', 'Sun_Mon_Tue_Wed_Thu_Fri_Sat'),
('1877', 'AA', 'Sun_Mon_Tue_Wed_Thu_Fri_Sat'),
('1878', 'B6', 'Sun_Mon_Tue_Wed_Thu_Fri_Sat'),
('188', 'B6', 'Sun_Mon_Tue_Wed_Thu_Fri_Sat'),
('1880', 'AA', 'Sun_Mon_Tue_Wed_Thu_Fri_Sat'),
('1883', 'DL', 'Mon_Wed_Thu_Fri'),
('1886', 'US', 'Mon_Wed_Thu_Fri'),
('1890', 'US', 'Sun_Mon_Tue_Wed_Thu_Fri_Sat'),
('1893', 'AA', 'Sun_Mon_Tue_Wed_Thu_Fri_Sat'),
('1895', 'UA', 'Mon_Wed_Thu_Fri'),
('1899', 'AA', 'Sun_Mon_Tue_Wed_Thu_Fri_Sat'),
('1900', 'US', 'Sun_Mon_Tue_Wed_Thu_Fri_Sat'),
('1907', 'AA', 'Sun_Mon_Tue_Wed_Thu_Fri_Sat'),
('1909', 'DL', 'Sun_Mon_Tue_Wed_Thu_Fri_Sat'),
('191', 'US', 'Mon_Wed_Thu_Fri'),
('1910', 'US', 'Mon_Wed_Thu_Fri'),
('1913', 'WN', 'Mon_Wed_Thu_Fri'),
('1914', 'UA', 'Mon_Wed_Thu_Fri'),
('1916', 'DL', 'Mon_Wed_Thu_Fri'),
('1918', 'DL', 'Mon_Wed_Thu_Fri'),
('1919', 'UA', 'Sun_Mon_Tue_Wed_Thu_Fri_Sat'),
('192', 'US', 'Sun_Mon_Tue_Wed_Thu_Fri_Sat'),
('1920', 'AA', 'Sun_Mon_Tue_Wed_Thu_Fri_Sat'),
('1922', 'UA', 'Sun_Mon_Tue_Wed_Thu_Fri_Sat'),
('1925', 'AA', 'Sun_Mon_Tue_Wed_Thu_Fri_Sat'),
('1933', 'WN', 'Sun_Mon_Tue_Wed_Thu_Fri_Sat'),
('1935', 'DL', 'Mon_Wed_Thu_Fri'),
('1938', 'WN', 'Mon_Wed_Thu_Fri'),
('1939', 'US', 'Sun_Mon_Tue_Wed_Thu_Fri_Sat'),
('1944', 'US', 'Sun_Mon_Tue_Wed_Thu_Fri_Sat'),
('1947', 'DL', 'Sun_Mon_Tue_Wed_Thu_Fri_Sat'),
('1949', 'UA', 'Mon_Wed_Thu_Fri'),
('195', 'UA', 'Sun_Mon_Tue_Wed_Thu_Fri_Sat'),
('1953', 'WN', 'Mon_Wed_Thu_Fri'),
('1954', 'US', 'Sun_Mon_Tue_Wed_Thu_Fri_Sat'),
('1955', 'DL', 'Mon_Wed_Thu_Fri'),
('1959', 'WN', 'Mon_Wed_Thu_Fri'),
('1960', 'WN', 'Mon_Wed_Thu_Fri'),
('1964', 'US', 'Mon_Wed_Thu_Fri'),
('1966', 'DL', 'Sun_Mon_Tue_Wed_Thu_Fri_Sat'),
('1967', 'WN', 'Mon_Wed_Thu_Fri'),
('1969', 'AA', 'Sun_Mon_Tue_Wed_Thu_Fri_Sat'),
('1973', 'DL', 'Sun_Mon_Tue_Wed_Thu_Fri_Sat'),
('1978', 'UA', 'Mon_Wed_Thu_Fri'),
('1979', 'AA', 'Mon_Wed_Thu_Fri'),
('1980', 'US', 'Sun_Mon_Tue_Wed_Thu_Fri_Sat'),
('1985', 'DL', 'Sun_Mon_Tue_Wed_Thu_Fri_Sat'),
('1988', 'UA', 'Sun_Mon_Tue_Wed_Thu_Fri_Sat'),
('199', 'AA', 'Sun_Mon_Tue_Wed_Thu_Fri_Sat'),
('1991', 'WN', 'Sun_Mon_Tue_Wed_Thu_Fri_Sat'),
('1992', 'AA', 'Sun_Mon_Tue_Wed_Thu_Fri_Sat'),
('1993', 'UA', 'Sun_Mon_Tue_Wed_Thu_Fri_Sat'),
('1994', 'AA', 'Sun_Mon_Tue_Wed_Thu_Fri_Sat'),
('1996', 'AA', 'Sun_Mon_Tue_Wed_Thu_Fri_Sat'),
('1998', 'US', 'Sun_Mon_Tue_Wed_Thu_Fri_Sat'),
('20', 'US', 'Sun_Mon_Tue_Wed_Thu_Fri_Sat'),
('2004', 'US', 'Mon_Wed_Thu_Fri'),
('2007', 'WN', 'Sun_Mon_Tue_Wed_Thu_Fri_Sat'),
('2011', 'UA', 'Sun_Mon_Tue_Wed_Thu_Fri_Sat'),
('2013', 'WN', 'Sun_Mon_Tue_Wed_Thu_Fri_Sat'),
('2016', 'UA', 'Sun_Mon_Tue_Wed_Thu_Fri_Sat'),
('2026', 'WN', 'Mon_Wed_Thu_Fri'),
('2031', 'WN', 'Sun_Mon_Tue_Wed_Thu_Fri_Sat'),
('2032', 'UA', 'Sun_Mon_Tue_Wed_Thu_Fri_Sat'),
('2033', 'AA', 'Mon_Wed_Thu_Fri'),
('2034', 'WN', 'Sun_Mon_Tue_Wed_Thu_Fri_Sat'),
('204', 'DL', 'Mon_Wed_Thu_Fri'),
('2043', 'US', 'Mon_Wed_Thu_Fri'),
('2046', 'US', 'Mon_Wed_Thu_Fri'),
('2047', 'WN', 'Sun_Mon_Tue_Wed_Thu_Fri_Sat'),
('2056', 'US', 'Sun_Mon_Tue_Wed_Thu_Fri_Sat'),
('2058', 'DL', 'Mon_Wed_Thu_Fri'),
('206', 'AA', 'Mon_Wed_Thu_Fri'),
('2060', 'B6', 'Mon_Wed_Thu_Fri'),
('2062', 'AA', 'Sun_Mon_Tue_Wed_Thu_Fri_Sat'),
('2067', 'WN', 'Mon_Wed_Thu_Fri'),
('207', 'WN', 'Sun_Mon_Tue_Wed_Thu_Fri_Sat'),
('2070', 'UA', 'Sun_Mon_Tue_Wed_Thu_Fri_Sat'),
('2071', 'US', 'Sun_Mon_Tue_Wed_Thu_Fri_Sat'),
('2072', 'AA', 'Sun_Mon_Tue_Wed_Thu_Fri_Sat'),
('2073', 'AA', 'Mon_Wed_Thu_Fri'),
('2074', 'US', 'Mon_Wed_Thu_Fri'),
('2085', 'AA', 'Mon_Wed_Thu_Fri'),
('2087', 'AA', 'Sun_Mon_Tue_Wed_Thu_Fri_Sat'),
('2092', 'US', 'Sun_Mon_Tue_Wed_Thu_Fri_Sat'),
('2096', 'AA', 'Mon_Wed_Thu_Fri'),
('210', 'WN', 'Sun_Mon_Tue_Wed_Thu_Fri_Sat'),
('2105', 'DL', 'Sun_Mon_Tue_Wed_Thu_Fri_Sat'),
('2106', 'US', 'Mon_Wed_Thu_Fri'),
('2111', 'DL', 'Sun_Mon_Tue_Wed_Thu_Fri_Sat'),
('2112', 'DL', 'Sun_Mon_Tue_Wed_Thu_Fri_Sat'),
('2114', 'AA', 'Sun_Mon_Tue_Wed_Thu_Fri_Sat'),
('2116', 'US', 'Sun_Mon_Tue_Wed_Thu_Fri_Sat'),
('2119', 'WN', 'Sun_Mon_Tue_Wed_Thu_Fri_Sat'),
('2121', 'AA', 'Sun_Mon_Tue_Wed_Thu_Fri_Sat'),
('2124', 'DL', 'Sun_Mon_Tue_Wed_Thu_Fri_Sat'),
('2125', 'B6', 'Mon_Wed_Thu_Fri'),
('2127', 'US', 'Sun_Mon_Tue_Wed_Thu_Fri_Sat'),
('2131', 'AA', 'Mon_Wed_Thu_Fri'),
('2134', 'AA', 'Mon_Wed_Thu_Fri'),
('2136', 'WN', 'Mon_Wed_Thu_Fri'),
('2137', 'WN', 'Mon_Wed_Thu_Fri'),
('2140', 'AA', 'Sun_Mon_Tue_Wed_Thu_Fri_Sat'),
('2141', 'US', 'Mon_Wed_Thu_Fri'),
('2143', 'UA', 'Sun_Mon_Tue_Wed_Thu_Fri_Sat'),
('2144', 'WN', 'Mon_Wed_Thu_Fri'),
('2148', 'WN', 'Sun_Mon_Tue_Wed_Thu_Fri_Sat'),
('215', 'AA', 'Mon_Wed_Thu_Fri'),
('2150', 'AA', 'Mon_Wed_Thu_Fri'),
('2151', 'WN', 'Mon_Wed_Thu_Fri'),
('2153', 'US', 'Mon_Wed_Thu_Fri'),
('2154', 'WN', 'Sun_Mon_Tue_Wed_Thu_Fri_Sat'),
('2157', 'WN', 'Sun_Mon_Tue_Wed_Thu_Fri_Sat'),
('2160', 'AA', 'Sun_Mon_Tue_Wed_Thu_Fri_Sat'),
('217', 'US', 'Sun_Mon_Tue_Wed_Thu_Fri_Sat'),
('2174', 'AA', 'Sun_Mon_Tue_Wed_Thu_Fri_Sat'),
('2175', 'UA', 'Sun_Mon_Tue_Wed_Thu_Fri_Sat'),
('2176', 'DL', 'Sun_Mon_Tue_Wed_Thu_Fri_Sat'),
('2179', 'AA', 'Mon_Wed_Thu_Fri'),
('2180', 'US', 'Mon_Wed_Thu_Fri'),
('2181', 'WN', 'Mon_Wed_Thu_Fri'),
('219', 'B6', 'Mon_Wed_Thu_Fri'),
('2190', 'US', 'Mon_Wed_Thu_Fri'),
('2191', 'UA', 'Sun_Mon_Tue_Wed_Thu_Fri_Sat'),
('2192', 'US', 'Sun_Mon_Tue_Wed_Thu_Fri_Sat'),
('2193', 'DL', 'Mon_Wed_Thu_Fri'),
('2195', 'DL', 'Mon_Wed_Thu_Fri'),
('2196', 'AA', 'Sun_Mon_Tue_Wed_Thu_Fri_Sat'),
('2197', 'DL', 'Sun_Mon_Tue_Wed_Thu_Fri_Sat'),
('2198', 'UA', 'Mon_Wed_Thu_Fri'),
('22', 'UA', 'Mon_Wed_Thu_Fri'),
('2201', 'DL', 'Sun_Mon_Tue_Wed_Thu_Fri_Sat'),
('2207', 'DL', 'Sun_Mon_Tue_Wed_Thu_Fri_Sat'),
('2213', 'WN', 'Sun_Mon_Tue_Wed_Thu_Fri_Sat'),
('2215', 'AA', 'Mon_Wed_Thu_Fri'),
('2219', 'UA', 'Sun_Mon_Tue_Wed_Thu_Fri_Sat'),
('2222', 'US', 'Sun_Mon_Tue_Wed_Thu_Fri_Sat'),
('2226', 'AA', 'Sun_Mon_Tue_Wed_Thu_Fri_Sat'),
('2227', 'WN', 'Mon_Wed_Thu_Fri'),
('2234', 'DL', 'Mon_Wed_Thu_Fri'),
('2239', 'UA', 'Mon_Wed_Thu_Fri'),
('224', 'DL', 'Sun_Mon_Tue_Wed_Thu_Fri_Sat'),
('2241', 'US', 'Mon_Wed_Thu_Fri'),
('2243', 'US', 'Sun_Mon_Tue_Wed_Thu_Fri_Sat'),
('2244', 'AA', 'Mon_Wed_Thu_Fri'),
('2246', 'AA', 'Mon_Wed_Thu_Fri'),
('2248', 'US', 'Sun_Mon_Tue_Wed_Thu_Fri_Sat'),
('2250', 'UA', 'Sun_Mon_Tue_Wed_Thu_Fri_Sat'),
('2251', 'WN', 'Mon_Wed_Thu_Fri'),
('2252', 'US', 'Sun_Mon_Tue_Wed_Thu_Fri_Sat'),
('2262', 'DL', 'Mon_Wed_Thu_Fri'),
('2267', 'AA', 'Sun_Mon_Tue_Wed_Thu_Fri_Sat'),
('2270', 'AA', 'Mon_Wed_Thu_Fri'),
('2271', 'US', 'Sun_Mon_Tue_Wed_Thu_Fri_Sat'),
('2280', 'DL', 'Sun_Mon_Tue_Wed_Thu_Fri_Sat'),
('2283', 'AA', 'Sun_Mon_Tue_Wed_Thu_Fri_Sat'),
('2287', 'B6', 'Sun_Mon_Tue_Wed_Thu_Fri_Sat'),
('2292', 'WN', 'Mon_Wed_Thu_Fri'),
('2295', 'UA', 'Sun_Mon_Tue_Wed_Thu_Fri_Sat'),
('2301', 'AA', 'Mon_Wed_Thu_Fri'),
('2302', 'US', 'Mon_Wed_Thu_Fri'),
('2305', 'B6', 'Sun_Mon_Tue_Wed_Thu_Fri_Sat'),
('2306', 'AA', 'Sun_Mon_Tue_Wed_Thu_Fri_Sat'),
('2309', 'DL', 'Sun_Mon_Tue_Wed_Thu_Fri_Sat'),
('2310', 'WN', 'Sun_Mon_Tue_Wed_Thu_Fri_Sat'),
('2323', 'US', 'Sun_Mon_Tue_Wed_Thu_Fri_Sat'),
('2325', 'WN', 'Sun_Mon_Tue_Wed_Thu_Fri_Sat'),
('2330', 'AA', 'Mon_Wed_Thu_Fri'),
('2335', 'AA', 'Sun_Mon_Tue_Wed_Thu_Fri_Sat'),
('2336', 'DL', 'Sun_Mon_Tue_Wed_Thu_Fri_Sat'),
('2337', 'US', 'Sun_Mon_Tue_Wed_Thu_Fri_Sat'),
('2341', 'AA', 'Sun_Mon_Tue_Wed_Thu_Fri_Sat'),
('2342', 'DL', 'Sun_Mon_Tue_Wed_Thu_Fri_Sat'),
('2344', 'US', 'Mon_Wed_Thu_Fri'),
('2345', 'WN', 'Mon_Wed_Thu_Fri'),
('2349', 'UA', 'Sun_Mon_Tue_Wed_Thu_Fri_Sat'),
('2351', 'WN', 'Mon_Wed_Thu_Fri'),
('2354', 'US', 'Mon_Wed_Thu_Fri'),
('2358', 'WN', 'Mon_Wed_Thu_Fri'),
('2366', 'US', 'Sun_Mon_Tue_Wed_Thu_Fri_Sat'),
('2370', 'WN', 'Sun_Mon_Tue_Wed_Thu_Fri_Sat'),
('2371', 'WN', 'Sun_Mon_Tue_Wed_Thu_Fri_Sat'),
('2373', 'AA', 'Sun_Mon_Tue_Wed_Thu_Fri_Sat'),
('2376', 'US', 'Sun_Mon_Tue_Wed_Thu_Fri_Sat'),
('2377', 'AA', 'Sun_Mon_Tue_Wed_Thu_Fri_Sat'),
('2378', 'DL', 'Sun_Mon_Tue_Wed_Thu_Fri_Sat'),
('2380', 'AA', 'Sun_Mon_Tue_Wed_Thu_Fri_Sat'),
('2384', 'US', 'Sun_Mon_Tue_Wed_Thu_Fri_Sat'),
('2388', 'B6', 'Sun_Mon_Tue_Wed_Thu_Fri_Sat'),
('2389', 'WN', 'Sun_Mon_Tue_Wed_Thu_Fri_Sat'),
('2391', 'UA', 'Sun_Mon_Tue_Wed_Thu_Fri_Sat'),
('2392', 'AA', 'Sun_Mon_Tue_Wed_Thu_Fri_Sat'),
('2394', 'AA', 'Sun_Mon_Tue_Wed_Thu_Fri_Sat'),
('2398', 'UA', 'Sun_Mon_Tue_Wed_Thu_Fri_Sat'),
('240', 'US', 'Sun_Mon_Tue_Wed_Thu_Fri_Sat'),
('2409', 'UA', 'Sun_Mon_Tue_Wed_Thu_Fri_Sat'),
('2413', 'DL', 'Mon_Wed_Thu_Fri'),
('2414', 'UA', 'Sun_Mon_Tue_Wed_Thu_Fri_Sat'),
('2417', 'DL', 'Mon_Wed_Thu_Fri'),
('2418', 'US', 'Sun_Mon_Tue_Wed_Thu_Fri_Sat'),
('2419', 'AA', 'Sun_Mon_Tue_Wed_Thu_Fri_Sat'),
('242', 'WN', 'Mon_Wed_Thu_Fri'),
('2424', 'AA', 'Mon_Wed_Thu_Fri'),
('2427', 'WN', 'Mon_Wed_Thu_Fri'),
('2432', 'US', 'Mon_Wed_Thu_Fri'),
('2434', 'WN', 'Mon_Wed_Thu_Fri'),
('244', 'UA', 'Sun_Mon_Tue_Wed_Thu_Fri_Sat'),
('2441', 'US', 'Sun_Mon_Tue_Wed_Thu_Fri_Sat'),
('2447', 'DL', 'Sun_Mon_Tue_Wed_Thu_Fri_Sat'),
('2449', 'AA', 'Sun_Mon_Tue_Wed_Thu_Fri_Sat'),
('2456', 'US', 'Sun_Mon_Tue_Wed_Thu_Fri_Sat'),
('2460', 'UA', 'Sun_Mon_Tue_Wed_Thu_Fri_Sat'),
('2461', 'B6', 'Sun_Mon_Tue_Wed_Thu_Fri_Sat'),
('2463', 'AA', 'Sun_Mon_Tue_Wed_Thu_Fri_Sat'),
('2464', 'WN', 'Mon_Wed_Thu_Fri'),
('2467', 'US', 'Sun_Mon_Tue_Wed_Thu_Fri_Sat'),
('2470', 'AA', 'Sun_Mon_Tue_Wed_Thu_Fri_Sat'),
('2474', 'WN', 'Mon_Wed_Thu_Fri'),
('2476', 'US', 'Mon_Wed_Thu_Fri'),
('2481', 'US', 'Sun_Mon_Tue_Wed_Thu_Fri_Sat'),
('2484', 'AA', 'Sun_Mon_Tue_Wed_Thu_Fri_Sat'),
('2488', 'AA', 'Sun_Mon_Tue_Wed_Thu_Fri_Sat'),
('2489', 'AA', 'Mon_Wed_Thu_Fri'),
('249', 'DL', 'Sun_Mon_Tue_Wed_Thu_Fri_Sat'),
('2490', 'DL', 'Sun_Mon_Tue_Wed_Thu_Fri_Sat'),
('2491', 'B6', 'Sun_Mon_Tue_Wed_Thu_Fri_Sat'),
('2493', 'UA', 'Sun_Mon_Tue_Wed_Thu_Fri_Sat'),
('2496', 'UA', 'Sun_Mon_Tue_Wed_Thu_Fri_Sat'),
('2498', 'UA', 'Sun_Mon_Tue_Wed_Thu_Fri_Sat'),
('25', 'WN', 'Sun_Mon_Tue_Wed_Thu_Fri_Sat'),
('2501', 'US', 'Sun_Mon_Tue_Wed_Thu_Fri_Sat'),
('2503', 'AA', 'Sun_Mon_Tue_Wed_Thu_Fri_Sat'),
('2504', 'WN', 'Sun_Mon_Tue_Wed_Thu_Fri_Sat'),
('2511', 'DL', 'Sun_Mon_Tue_Wed_Thu_Fri_Sat'),
('2513', 'WN', 'Sun_Mon_Tue_Wed_Thu_Fri_Sat'),
('2518', 'AA', 'Sun_Mon_Tue_Wed_Thu_Fri_Sat'),
('2520', 'UA', 'Mon_Wed_Thu_Fri'),
('2523', 'UA', 'Sun_Mon_Tue_Wed_Thu_Fri_Sat'),
('2525', 'AA', 'Sun_Mon_Tue_Wed_Thu_Fri_Sat'),
('2528', 'WN', 'Mon_Wed_Thu_Fri'),
('253', 'WN', 'Sun_Mon_Tue_Wed_Thu_Fri_Sat'),
('2532', 'WN', 'Sun_Mon_Tue_Wed_Thu_Fri_Sat'),
('2538', 'AA', 'Sun_Mon_Tue_Wed_Thu_Fri_Sat'),
('2541', 'AA', 'Sun_Mon_Tue_Wed_Thu_Fri_Sat'),
('2542', 'AA', 'Mon_Wed_Thu_Fri'),
('2543', 'UA', 'Sun_Mon_Tue_Wed_Thu_Fri_Sat'),
('2547', 'US', 'Mon_Wed_Thu_Fri'),
('2558', 'WN', 'Sun_Mon_Tue_Wed_Thu_Fri_Sat'),
('2559', 'US', 'Mon_Wed_Thu_Fri'),
('2561', 'UA', 'Mon_Wed_Thu_Fri'),
('2562', 'US', 'Sun_Mon_Tue_Wed_Thu_Fri_Sat'),
('2566', 'B6', 'Mon_Wed_Thu_Fri'),
('2570', 'B6', 'Sun_Mon_Tue_Wed_Thu_Fri_Sat'),
('258', 'UA', 'Sun_Mon_Tue_Wed_Thu_Fri_Sat'),
('2596', 'WN', 'Mon_Wed_Thu_Fri'),
('26', 'B6', 'Sun_Mon_Tue_Wed_Thu_Fri_Sat'),
('260', 'AA', 'Mon_Wed_Thu_Fri'),
('2604', 'AA', 'Mon_Wed_Thu_Fri'),
('2608', 'US', 'Sun_Mon_Tue_Wed_Thu_Fri_Sat'),
('2609', 'US', 'Sun_Mon_Tue_Wed_Thu_Fri_Sat'),
('261', 'US', 'Sun_Mon_Tue_Wed_Thu_Fri_Sat'),
('2611', 'B6', 'Sun_Mon_Tue_Wed_Thu_Fri_Sat'),
('2616', 'UA', 'Sun_Mon_Tue_Wed_Thu_Fri_Sat'),
('2618', 'UA', 'Sun_Mon_Tue_Wed_Thu_Fri_Sat'),
('2622', 'WN', 'Sun_Mon_Tue_Wed_Thu_Fri_Sat'),
('2623', 'UA', 'Sun_Mon_Tue_Wed_Thu_Fri_Sat'),
('2626', 'B6', 'Mon_Wed_Thu_Fri'),
('2628', 'B6', 'Sun_Mon_Tue_Wed_Thu_Fri_Sat'),
('2632', 'UA', 'Sun_Mon_Tue_Wed_Thu_Fri_Sat'),
('2637', 'US', 'Sun_Mon_Tue_Wed_Thu_Fri_Sat'),
('264', 'AA', 'Sun_Mon_Tue_Wed_Thu_Fri_Sat'),
('2640', 'AA', 'Mon_Wed_Thu_Fri'),
('2644', 'AA', 'Sun_Mon_Tue_Wed_Thu_Fri_Sat'),
('2648', 'DL', 'Mon_Wed_Thu_Fri'),
('2649', 'UA', 'Mon_Wed_Thu_Fri'),
('2650', 'WN', 'Sun_Mon_Tue_Wed_Thu_Fri_Sat'),
('2654', 'UA', 'Mon_Wed_Thu_Fri'),
('2655', 'US', 'Mon_Wed_Thu_Fri'),
('2659', 'UA', 'Sun_Mon_Tue_Wed_Thu_Fri_Sat'),
('2660', 'WN', 'Sun_Mon_Tue_Wed_Thu_Fri_Sat'),
('2670', 'UA', 'Mon_Wed_Thu_Fri'),
('2671', 'WN', 'Sun_Mon_Tue_Wed_Thu_Fri_Sat'),
('2674', 'B6', 'Sun_Mon_Tue_Wed_Thu_Fri_Sat'),
('2677', 'UA', 'Sun_Mon_Tue_Wed_Thu_Fri_Sat'),
('2681', 'US', 'Sun_Mon_Tue_Wed_Thu_Fri_Sat'),
('2683', 'WN', 'Sun_Mon_Tue_Wed_Thu_Fri_Sat'),
('2687', 'AA', 'Sun_Mon_Tue_Wed_Thu_Fri_Sat'),
('269', 'WN', 'Sun_Mon_Tue_Wed_Thu_Fri_Sat'),
('2691', 'US', 'Sun_Mon_Tue_Wed_Thu_Fri_Sat'),
('2694', 'WN', 'Sun_Mon_Tue_Wed_Thu_Fri_Sat'),
('2695', 'AA', 'Sun_Mon_Tue_Wed_Thu_Fri_Sat'),
('2697', 'B6', 'Sun_Mon_Tue_Wed_Thu_Fri_Sat'),
('2700', 'WN', 'Mon_Wed_Thu_Fri'),
('2704', 'WN', 'Sun_Mon_Tue_Wed_Thu_Fri_Sat'),
('2706', 'WN', 'Sun_Mon_Tue_Wed_Thu_Fri_Sat'),
('2708', 'DL', 'Sun_Mon_Tue_Wed_Thu_Fri_Sat'),
('2716', 'WN', 'Sun_Mon_Tue_Wed_Thu_Fri_Sat'),
('2717', 'DL', 'Mon_Wed_Thu_Fri'),
('272', 'DL', 'Sun_Mon_Tue_Wed_Thu_Fri_Sat'),
('2720', 'US', 'Sun_Mon_Tue_Wed_Thu_Fri_Sat'),
('2721', 'UA', 'Sun_Mon_Tue_Wed_Thu_Fri_Sat'),
('2725', 'WN', 'Sun_Mon_Tue_Wed_Thu_Fri_Sat'),
('2731', 'AA', 'Sun_Mon_Tue_Wed_Thu_Fri_Sat'),
('2736', 'AA', 'Sun_Mon_Tue_Wed_Thu_Fri_Sat'),
('2744', 'DL', 'Sun_Mon_Tue_Wed_Thu_Fri_Sat'),
('2750', 'UA', 'Sun_Mon_Tue_Wed_Thu_Fri_Sat'),
('2758', 'US', 'Sun_Mon_Tue_Wed_Thu_Fri_Sat'),
('2765', 'UA', 'Mon_Wed_Thu_Fri'),
('2768', 'WN', 'Sun_Mon_Tue_Wed_Thu_Fri_Sat'),
('2769', 'UA', 'Sun_Mon_Tue_Wed_Thu_Fri_Sat'),
('2771', 'AA', 'Sun_Mon_Tue_Wed_Thu_Fri_Sat'),
('2773', 'DL', 'Sun_Mon_Tue_Wed_Thu_Fri_Sat'),
('2774', 'DL', 'Sun_Mon_Tue_Wed_Thu_Fri_Sat'),
('2776', 'UA', 'Mon_Wed_Thu_Fri'),
('2777', 'UA', 'Sun_Mon_Tue_Wed_Thu_Fri_Sat'),
('2779', 'WN', 'Sun_Mon_Tue_Wed_Thu_Fri_Sat'),
('2782', 'AA', 'Mon_Wed_Thu_Fri'),
('2784', 'AA', 'Sun_Mon_Tue_Wed_Thu_Fri_Sat'),
('2790', 'US', 'Sun_Mon_Tue_Wed_Thu_Fri_Sat'),
('2793', 'WN', 'Mon_Wed_Thu_Fri'),
('2802', 'WN', 'Mon_Wed_Thu_Fri'),
('2803', 'AA', 'Sun_Mon_Tue_Wed_Thu_Fri_Sat'),
('2805', 'WN', 'Mon_Wed_Thu_Fri'),
('2809', 'UA', 'Mon_Wed_Thu_Fri'),
('281', 'AA', 'Sun_Mon_Tue_Wed_Thu_Fri_Sat'),
('2810', 'UA', 'Sun_Mon_Tue_Wed_Thu_Fri_Sat'),
('2817', 'US', 'Mon_Wed_Thu_Fri'),
('282', 'UA', 'Sun_Mon_Tue_Wed_Thu_Fri_Sat'),
('2822', 'US', 'Sun_Mon_Tue_Wed_Thu_Fri_Sat'),
('2823', 'B6', 'Sun_Mon_Tue_Wed_Thu_Fri_Sat'),
('2824', 'AA', 'Mon_Wed_Thu_Fri'),
('2825', 'AA', 'Sun_Mon_Tue_Wed_Thu_Fri_Sat'),
('2829', 'UA', 'Mon_Wed_Thu_Fri'),
('2833', 'AA', 'Sun_Mon_Tue_Wed_Thu_Fri_Sat'),
('2837', 'UA', 'Sun_Mon_Tue_Wed_Thu_Fri_Sat'),
('2839', 'US', 'Sun_Mon_Tue_Wed_Thu_Fri_Sat'),
('2843', 'WN', 'Sun_Mon_Tue_Wed_Thu_Fri_Sat'),
('2844', 'WN', 'Sun_Mon_Tue_Wed_Thu_Fri_Sat'),
('2857', 'US', 'Sun_Mon_Tue_Wed_Thu_Fri_Sat'),
('2859', 'AA', 'Sun_Mon_Tue_Wed_Thu_Fri_Sat'),
('2866', 'US', 'Sun_Mon_Tue_Wed_Thu_Fri_Sat'),
('2871', 'AA', 'Sun_Mon_Tue_Wed_Thu_Fri_Sat'),
('2874', 'AA', 'Sun_Mon_Tue_Wed_Thu_Fri_Sat'),
('2876', 'UA', 'Sun_Mon_Tue_Wed_Thu_Fri_Sat'),
('2878', 'AA', 'Sun_Mon_Tue_Wed_Thu_Fri_Sat'),
('2879', 'AA', 'Sun_Mon_Tue_Wed_Thu_Fri_Sat'),
('288', 'US', 'Mon_Wed_Thu_Fri'),
('2881', 'WN', 'Sun_Mon_Tue_Wed_Thu_Fri_Sat'),
('2883', 'AA', 'Sun_Mon_Tue_Wed_Thu_Fri_Sat'),
('2886', 'WN', 'Sun_Mon_Tue_Wed_Thu_Fri_Sat'),
('2889', 'UA', 'Sun_Mon_Tue_Wed_Thu_Fri_Sat'),
('2892', 'WN', 'Mon_Wed_Thu_Fri'),
('2893', 'B6', 'Sun_Mon_Tue_Wed_Thu_Fri_Sat'),
('2894', 'US', 'Sun_Mon_Tue_Wed_Thu_Fri_Sat'),
('2898', 'US', 'Mon_Wed_Thu_Fri'),
('290', 'WN', 'Mon_Wed_Thu_Fri'),
('2904', 'WN', 'Sun_Mon_Tue_Wed_Thu_Fri_Sat'),
('2905', 'US', 'Mon_Wed_Thu_Fri'),
('2906', 'WN', 'Sun_Mon_Tue_Wed_Thu_Fri_Sat'),
('2908', 'AA', 'Sun_Mon_Tue_Wed_Thu_Fri_Sat'),
('2911', 'WN', 'Sun_Mon_Tue_Wed_Thu_Fri_Sat'),
('2918', 'AA', 'Mon_Wed_Thu_Fri'),
('2919', 'DL', 'Sun_Mon_Tue_Wed_Thu_Fri_Sat'),
('2921', 'AA', 'Mon_Wed_Thu_Fri'),
('2923', 'US', 'Sun_Mon_Tue_Wed_Thu_Fri_Sat'),
('2931', 'WN', 'Sun_Mon_Tue_Wed_Thu_Fri_Sat'),
('2934', 'US', 'Sun_Mon_Tue_Wed_Thu_Fri_Sat'),
('2935', 'DL', 'Sun_Mon_Tue_Wed_Thu_Fri_Sat'),
('2937', 'B6', 'Sun_Mon_Tue_Wed_Thu_Fri_Sat'),
('2938', 'UA', 'Sun_Mon_Tue_Wed_Thu_Fri_Sat'),
('2940', 'US', 'Sun_Mon_Tue_Wed_Thu_Fri_Sat'),
('2944', 'UA', 'Sun_Mon_Tue_Wed_Thu_Fri_Sat'),
('2946', 'DL', 'Mon_Wed_Thu_Fri'),
('2950', 'AA', 'Sun_Mon_Tue_Wed_Thu_Fri_Sat'),
('2955', 'US', 'Mon_Wed_Thu_Fri'),
('2958', 'AA', 'Mon_Wed_Thu_Fri'),
('2961', 'US', 'Mon_Wed_Thu_Fri'),
('2966', 'DL', 'Mon_Wed_Thu_Fri'),
('2973', 'UA', 'Sun_Mon_Tue_Wed_Thu_Fri_Sat'),
('2977', 'AA', 'Sun_Mon_Tue_Wed_Thu_Fri_Sat'),
('2978', 'DL', 'Sun_Mon_Tue_Wed_Thu_Fri_Sat'),
('298', 'WN', 'Sun_Mon_Tue_Wed_Thu_Fri_Sat'),
('2981', 'AA', 'Mon_Wed_Thu_Fri'),
('2983', 'DL', 'Mon_Wed_Thu_Fri'),
('2989', 'US', 'Sun_Mon_Tue_Wed_Thu_Fri_Sat'),
('2990', 'US', 'Mon_Wed_Thu_Fri'),
('2992', 'AA', 'Sun_Mon_Tue_Wed_Thu_Fri_Sat'),
('2993', 'WN', 'Sun_Mon_Tue_Wed_Thu_Fri_Sat'),
('2994', 'WN', 'Sun_Mon_Tue_Wed_Thu_Fri_Sat'),
('2996', 'UA', 'Mon_Wed_Thu_Fri'),
('2997', 'UA', 'Mon_Wed_Thu_Fri'),
('300', 'WN', 'Sun_Mon_Tue_Wed_Thu_Fri_Sat'),
('3003', 'UA', 'Mon_Wed_Thu_Fri'),
('3005', 'DL', 'Sun_Mon_Tue_Wed_Thu_Fri_Sat'),
('3006', 'US', 'Sun_Mon_Tue_Wed_Thu_Fri_Sat'),
('3008', 'US', 'Sun_Mon_Tue_Wed_Thu_Fri_Sat'),
('3009', 'WN', 'Sun_Mon_Tue_Wed_Thu_Fri_Sat'),
('3011', 'AA', 'Sun_Mon_Tue_Wed_Thu_Fri_Sat'),
('302', 'AA', 'Mon_Wed_Thu_Fri'),
('3022', 'US', 'Sun_Mon_Tue_Wed_Thu_Fri_Sat'),
('3023', 'DL', 'Sun_Mon_Tue_Wed_Thu_Fri_Sat'),
('3026', 'US', 'Sun_Mon_Tue_Wed_Thu_Fri_Sat'),
('3029', 'AA', 'Sun_Mon_Tue_Wed_Thu_Fri_Sat'),
('3032', 'WN', 'Mon_Wed_Thu_Fri'),
('3034', 'US', 'Sun_Mon_Tue_Wed_Thu_Fri_Sat'),
('3035', 'WN', 'Mon_Wed_Thu_Fri'),
('3038', 'US', 'Sun_Mon_Tue_Wed_Thu_Fri_Sat'),
('304', 'WN', 'Sun_Mon_Tue_Wed_Thu_Fri_Sat'),
('3040', 'US', 'Sun_Mon_Tue_Wed_Thu_Fri_Sat'),
('3041', 'WN', 'Sun_Mon_Tue_Wed_Thu_Fri_Sat'),
('3043', 'US', 'Mon_Wed_Thu_Fri'),
('3044', 'AA', 'Sun_Mon_Tue_Wed_Thu_Fri_Sat'),
('3045', 'WN', 'Sun_Mon_Tue_Wed_Thu_Fri_Sat'),
('305', 'WN', 'Sun_Mon_Tue_Wed_Thu_Fri_Sat'),
('3052', 'US', 'Sun_Mon_Tue_Wed_Thu_Fri_Sat'),
('3054', 'UA', 'Mon_Wed_Thu_Fri'),
('3057', 'WN', 'Sun_Mon_Tue_Wed_Thu_Fri_Sat'),
('3059', 'AA', 'Sun_Mon_Tue_Wed_Thu_Fri_Sat'),
('3062', 'AA', 'Mon_Wed_Thu_Fri'),
('3064', 'WN', 'Mon_Wed_Thu_Fri'),
('3065', 'UA', 'Sun_Mon_Tue_Wed_Thu_Fri_Sat'),
('3068', 'AA', 'Sun_Mon_Tue_Wed_Thu_Fri_Sat'),
('3074', 'WN', 'Mon_Wed_Thu_Fri'),
('3075', 'UA', 'Mon_Wed_Thu_Fri'),
('3077', 'AA', 'Sun_Mon_Tue_Wed_Thu_Fri_Sat'),
('3081', 'DL', 'Sun_Mon_Tue_Wed_Thu_Fri_Sat'),
('3086', 'DL', 'Sun_Mon_Tue_Wed_Thu_Fri_Sat'),
('3088', 'B6', 'Sun_Mon_Tue_Wed_Thu_Fri_Sat'),
('309', 'DL', 'Sun_Mon_Tue_Wed_Thu_Fri_Sat'),
('3093', 'WN', 'Sun_Mon_Tue_Wed_Thu_Fri_Sat'),
('3095', 'B6', 'Mon_Wed_Thu_Fri'),
('3098', 'DL', 'Sun_Mon_Tue_Wed_Thu_Fri_Sat'),
('3099', 'UA', 'Mon_Wed_Thu_Fri'),
('310', 'US', 'Mon_Wed_Thu_Fri'),
('3100', 'WN', 'Sun_Mon_Tue_Wed_Thu_Fri_Sat'),
('3105', 'WN', 'Sun_Mon_Tue_Wed_Thu_Fri_Sat'),
('3106', 'US', 'Mon_Wed_Thu_Fri'),
('3107', 'US', 'Sun_Mon_Tue_Wed_Thu_Fri_Sat'),
('311', 'DL', 'Mon_Wed_Thu_Fri'),
('3116', 'US', 'Sun_Mon_Tue_Wed_Thu_Fri_Sat'),
('3120', 'WN', 'Sun_Mon_Tue_Wed_Thu_Fri_Sat'),
('3126', 'DL', 'Sun_Mon_Tue_Wed_Thu_Fri_Sat'),
('3128', 'US', 'Sun_Mon_Tue_Wed_Thu_Fri_Sat'),
('3131', 'DL', 'Sun_Mon_Tue_Wed_Thu_Fri_Sat'),
('3134', 'WN', 'Mon_Wed_Thu_Fri'),
('3135', 'WN', 'Sun_Mon_Tue_Wed_Thu_Fri_Sat'),
('3136', 'US', 'Sun_Mon_Tue_Wed_Thu_Fri_Sat'),
('3138', 'DL', 'Sun_Mon_Tue_Wed_Thu_Fri_Sat'),
('3146', 'US', 'Mon_Wed_Thu_Fri'),
('3147', 'US', 'Sun_Mon_Tue_Wed_Thu_Fri_Sat'),
('3148', 'AA', 'Mon_Wed_Thu_Fri'),
('3150', 'WN', 'Sun_Mon_Tue_Wed_Thu_Fri_Sat'),
('3154', 'DL', 'Mon_Wed_Thu_Fri'),
('3155', 'DL', 'Mon_Wed_Thu_Fri'),
('3156', 'US', 'Mon_Wed_Thu_Fri'),
('316', 'AA', 'Sun_Mon_Tue_Wed_Thu_Fri_Sat'),
('3164', 'AA', 'Sun_Mon_Tue_Wed_Thu_Fri_Sat'),
('3169', 'WN', 'Mon_Wed_Thu_Fri'),
('3170', 'US', 'Sun_Mon_Tue_Wed_Thu_Fri_Sat'),
('3171', 'WN', 'Sun_Mon_Tue_Wed_Thu_Fri_Sat'),
('3173', 'AA', 'Sun_Mon_Tue_Wed_Thu_Fri_Sat'),
('3175', 'WN', 'Sun_Mon_Tue_Wed_Thu_Fri_Sat'),
('3178', 'US', 'Sun_Mon_Tue_Wed_Thu_Fri_Sat'),
('318', 'AA', 'Sun_Mon_Tue_Wed_Thu_Fri_Sat'),
('3180', 'DL', 'Sun_Mon_Tue_Wed_Thu_Fri_Sat'),
('3184', 'B6', 'Sun_Mon_Tue_Wed_Thu_Fri_Sat'),
('3190', 'B6', 'Sun_Mon_Tue_Wed_Thu_Fri_Sat'),
('3191', 'WN', 'Sun_Mon_Tue_Wed_Thu_Fri_Sat'),
('3193', 'UA', 'Mon_Wed_Thu_Fri'),
('3195', 'UA', 'Mon_Wed_Thu_Fri'),
('3206', 'US', 'Mon_Wed_Thu_Fri'),
('3208', 'AA', 'Sun_Mon_Tue_Wed_Thu_Fri_Sat'),
('321', 'UA', 'Sun_Mon_Tue_Wed_Thu_Fri_Sat'),
('3210', 'WN', 'Sun_Mon_Tue_Wed_Thu_Fri_Sat'),
('3211', 'DL', 'Mon_Wed_Thu_Fri'),
('3222', 'UA', 'Sun_Mon_Tue_Wed_Thu_Fri_Sat'),
('3226', 'US', 'Mon_Wed_Thu_Fri'),
('3228', 'UA', 'Sun_Mon_Tue_Wed_Thu_Fri_Sat'),
('3229', 'AA', 'Sun_Mon_Tue_Wed_Thu_Fri_Sat'),
('3233', 'US', 'Sun_Mon_Tue_Wed_Thu_Fri_Sat'),
('3235', 'DL', 'Mon_Wed_Thu_Fri'),
('3237', 'B6', 'Mon_Wed_Thu_Fri'),
('3240', 'US', 'Mon_Wed_Thu_Fri'),
('3243', 'AA', 'Mon_Wed_Thu_Fri'),
('3245', 'US', 'Sun_Mon_Tue_Wed_Thu_Fri_Sat'),
('3249', 'WN', 'Mon_Wed_Thu_Fri'),
('325', 'US', 'Mon_Wed_Thu_Fri'),
('3256', 'AA', 'Mon_Wed_Thu_Fri'),
('3258', 'DL', 'Mon_Wed_Thu_Fri'),
('3264', 'US', 'Sun_Mon_Tue_Wed_Thu_Fri_Sat'),
('3265', 'US', 'Sun_Mon_Tue_Wed_Thu_Fri_Sat'),
('3267', 'US', 'Sun_Mon_Tue_Wed_Thu_Fri_Sat'),
('3269', 'AA', 'Sun_Mon_Tue_Wed_Thu_Fri_Sat'),
('3271', 'US', 'Mon_Wed_Thu_Fri'),
('3277', 'DL', 'Sun_Mon_Tue_Wed_Thu_Fri_Sat'),
('328', 'US', 'Sun_Mon_Tue_Wed_Thu_Fri_Sat'),
('3284', 'US', 'Sun_Mon_Tue_Wed_Thu_Fri_Sat'),
('329', 'WN', 'Sun_Mon_Tue_Wed_Thu_Fri_Sat'),
('3290', 'US', 'Mon_Wed_Thu_Fri'),
('3292', 'UA', 'Sun_Mon_Tue_Wed_Thu_Fri_Sat'),
('3296', 'WN', 'Sun_Mon_Tue_Wed_Thu_Fri_Sat'),
('3297', 'WN', 'Sun_Mon_Tue_Wed_Thu_Fri_Sat'),
('33', 'B6', 'Sun_Mon_Tue_Wed_Thu_Fri_Sat'),
('3304', 'UA', 'Sun_Mon_Tue_Wed_Thu_Fri_Sat'),
('3308', 'AA', 'Sun_Mon_Tue_Wed_Thu_Fri_Sat'),
('331', 'WN', 'Sun_Mon_Tue_Wed_Thu_Fri_Sat'),
('3312', 'DL', 'Mon_Wed_Thu_Fri'),
('3313', 'UA', 'Mon_Wed_Thu_Fri'),
('3314', 'AA', 'Sun_Mon_Tue_Wed_Thu_Fri_Sat'),
('3316', 'DL', 'Sun_Mon_Tue_Wed_Thu_Fri_Sat'),
('3318', 'WN', 'Sun_Mon_Tue_Wed_Thu_Fri_Sat'),
('3323', 'US', 'Sun_Mon_Tue_Wed_Thu_Fri_Sat'),
('3324', 'US', 'Sun_Mon_Tue_Wed_Thu_Fri_Sat'),
('3326', 'US', 'Mon_Wed_Thu_Fri'),
('3330', 'UA', 'Mon_Wed_Thu_Fri'),
('3331', 'UA', 'Mon_Wed_Thu_Fri'),
('3335', 'WN', 'Sun_Mon_Tue_Wed_Thu_Fri_Sat'),
('3336', 'DL', 'Mon_Wed_Thu_Fri'),
('334', 'AA', 'Sun_Mon_Tue_Wed_Thu_Fri_Sat'),
('3341', 'US', 'Sun_Mon_Tue_Wed_Thu_Fri_Sat'),
('3344', 'AA', 'Sun_Mon_Tue_Wed_Thu_Fri_Sat'),
('335', 'WN', 'Sun_Mon_Tue_Wed_Thu_Fri_Sat'),
('3351', 'UA', 'Sun_Mon_Tue_Wed_Thu_Fri_Sat'),
('3356', 'US', 'Sun_Mon_Tue_Wed_Thu_Fri_Sat'),
('3357', 'US', 'Sun_Mon_Tue_Wed_Thu_Fri_Sat'),
('3359', 'WN', 'Sun_Mon_Tue_Wed_Thu_Fri_Sat'),
('3360', 'DL', 'Sun_Mon_Tue_Wed_Thu_Fri_Sat'),
('3362', 'US', 'Sun_Mon_Tue_Wed_Thu_Fri_Sat'),
('3363', 'UA', 'Mon_Wed_Thu_Fri'),
('3364', 'AA', 'Mon_Wed_Thu_Fri'),
('3365', 'B6', 'Sun_Mon_Tue_Wed_Thu_Fri_Sat'),
('3366', 'WN', 'Mon_Wed_Thu_Fri'),
('3372', 'US', 'Mon_Wed_Thu_Fri'),
('3374', 'WN', 'Sun_Mon_Tue_Wed_Thu_Fri_Sat'),
('3380', 'US', 'Sun_Mon_Tue_Wed_Thu_Fri_Sat'),
('3383', 'AA', 'Sun_Mon_Tue_Wed_Thu_Fri_Sat'),
('3385', 'AA', 'Mon_Wed_Thu_Fri'),
('3386', 'UA', 'Mon_Wed_Thu_Fri'),
('3388', 'UA', 'Mon_Wed_Thu_Fri'),
('3390', 'WN', 'Mon_Wed_Thu_Fri'),
('3393', 'US', 'Sun_Mon_Tue_Wed_Thu_Fri_Sat'),
('3394', 'AA', 'Mon_Wed_Thu_Fri'),
('3395', 'DL', 'Sun_Mon_Tue_Wed_Thu_Fri_Sat'),
('3397', 'US', 'Mon_Wed_Thu_Fri'),
('340', 'US', 'Sun_Mon_Tue_Wed_Thu_Fri_Sat'),
('3400', 'US', 'Sun_Mon_Tue_Wed_Thu_Fri_Sat'),
('3408', 'US', 'Sun_Mon_Tue_Wed_Thu_Fri_Sat'),
('3410', 'DL', 'Sun_Mon_Tue_Wed_Thu_Fri_Sat'),
('3418', 'US', 'Sun_Mon_Tue_Wed_Thu_Fri_Sat'),
('3421', 'DL', 'Sun_Mon_Tue_Wed_Thu_Fri_Sat'),
('3423', 'DL', 'Mon_Wed_Thu_Fri'),
('3424', 'AA', 'Sun_Mon_Tue_Wed_Thu_Fri_Sat'),
('3427', 'US', 'Sun_Mon_Tue_Wed_Thu_Fri_Sat'),
('3428', 'AA', 'Sun_Mon_Tue_Wed_Thu_Fri_Sat'),
('3429', 'AA', 'Sun_Mon_Tue_Wed_Thu_Fri_Sat'),
('3434', 'WN', 'Sun_Mon_Tue_Wed_Thu_Fri_Sat'),
('3437', 'WN', 'Mon_Wed_Thu_Fri'),
('3438', 'UA', 'Sun_Mon_Tue_Wed_Thu_Fri_Sat'),
('3439', 'WN', 'Mon_Wed_Thu_Fri'),
('3441', 'AA', 'Sun_Mon_Tue_Wed_Thu_Fri_Sat'),
('3442', 'WN', 'Mon_Wed_Thu_Fri'),
('3447', 'AA', 'Mon_Wed_Thu_Fri'),
('3448', 'UA', 'Sun_Mon_Tue_Wed_Thu_Fri_Sat'),
('3450', 'US', 'Sun_Mon_Tue_Wed_Thu_Fri_Sat'),
('3464', 'UA', 'Mon_Wed_Thu_Fri'),
('3466', 'AA', 'Sun_Mon_Tue_Wed_Thu_Fri_Sat'),
('3469', 'UA', 'Sun_Mon_Tue_Wed_Thu_Fri_Sat'),
('347', 'WN', 'Sun_Mon_Tue_Wed_Thu_Fri_Sat'),
('3475', 'DL', 'Sun_Mon_Tue_Wed_Thu_Fri_Sat'),
('3476', 'AA', 'Sun_Mon_Tue_Wed_Thu_Fri_Sat'),
('3478', 'US', 'Mon_Wed_Thu_Fri'),
('3484', 'UA', 'Sun_Mon_Tue_Wed_Thu_Fri_Sat'),
('3488', 'AA', 'Mon_Wed_Thu_Fri'),
('3493', 'AA', 'Mon_Wed_Thu_Fri'),
('3496', 'AA', 'Mon_Wed_Thu_Fri'),
('3498', 'US', 'Sun_Mon_Tue_Wed_Thu_Fri_Sat'),
('3499', 'WN', 'Sun_Mon_Tue_Wed_Thu_Fri_Sat'),
('35', 'WN', 'Sun_Mon_Tue_Wed_Thu_Fri_Sat'),
('3502', 'DL', 'Mon_Wed_Thu_Fri'),
('3505', 'US', 'Sun_Mon_Tue_Wed_Thu_Fri_Sat'),
('3508', 'UA', 'Mon_Wed_Thu_Fri'),
('3513', 'US', 'Mon_Wed_Thu_Fri'),
('3515', 'AA', 'Mon_Wed_Thu_Fri'),
('3517', 'US', 'Sun_Mon_Tue_Wed_Thu_Fri_Sat'),
('3522', 'DL', 'Sun_Mon_Tue_Wed_Thu_Fri_Sat'),
('3524', 'US', 'Sun_Mon_Tue_Wed_Thu_Fri_Sat'),
('3526', 'AA', 'Sun_Mon_Tue_Wed_Thu_Fri_Sat'),
('3527', 'US', 'Sun_Mon_Tue_Wed_Thu_Fri_Sat'),
('3528', 'WN', 'Mon_Wed_Thu_Fri'),
('3529', 'US', 'Sun_Mon_Tue_Wed_Thu_Fri_Sat'),
('3531', 'US', 'Sun_Mon_Tue_Wed_Thu_Fri_Sat'),
('3532', 'WN', 'Sun_Mon_Tue_Wed_Thu_Fri_Sat'),
('3534', 'WN', 'Sun_Mon_Tue_Wed_Thu_Fri_Sat'),
('3536', 'B6', 'Sun_Mon_Tue_Wed_Thu_Fri_Sat'),
('3538', 'US', 'Mon_Wed_Thu_Fri'),
('3539', 'AA', 'Mon_Wed_Thu_Fri'),
('354', 'UA', 'Mon_Wed_Thu_Fri'),
('3541', 'AA', 'Sun_Mon_Tue_Wed_Thu_Fri_Sat'),
('3542', 'AA', 'Mon_Wed_Thu_Fri'),
('3543', 'WN', 'Mon_Wed_Thu_Fri'),
('3553', 'DL', 'Sun_Mon_Tue_Wed_Thu_Fri_Sat'),
('3555', 'UA', 'Sun_Mon_Tue_Wed_Thu_Fri_Sat'),
('3558', 'AA', 'Sun_Mon_Tue_Wed_Thu_Fri_Sat'),
('356', 'UA', 'Mon_Wed_Thu_Fri'),
('3562', 'US', 'Sun_Mon_Tue_Wed_Thu_Fri_Sat'),
('3567', 'AA', 'Sun_Mon_Tue_Wed_Thu_Fri_Sat'),
('3573', 'AA', 'Sun_Mon_Tue_Wed_Thu_Fri_Sat'),
('3578', 'B6', 'Sun_Mon_Tue_Wed_Thu_Fri_Sat'),
('3583', 'WN', 'Mon_Wed_Thu_Fri'),
('3585', 'WN', 'Mon_Wed_Thu_Fri'),
('3586', 'UA', 'Sun_Mon_Tue_Wed_Thu_Fri_Sat'),
('3587', 'UA', 'Sun_Mon_Tue_Wed_Thu_Fri_Sat'),
('3590', 'DL', 'Sun_Mon_Tue_Wed_Thu_Fri_Sat'),
('3592', 'US', 'Sun_Mon_Tue_Wed_Thu_Fri_Sat'),
('3596', 'AA', 'Sun_Mon_Tue_Wed_Thu_Fri_Sat'),
('3598', 'UA', 'Sun_Mon_Tue_Wed_Thu_Fri_Sat'),
('3602', 'US', 'Sun_Mon_Tue_Wed_Thu_Fri_Sat'),
('3606', 'AA', 'Sun_Mon_Tue_Wed_Thu_Fri_Sat'),
('3609', 'AA', 'Sun_Mon_Tue_Wed_Thu_Fri_Sat'),
('3610', 'B6', 'Sun_Mon_Tue_Wed_Thu_Fri_Sat'),
('3611', 'AA', 'Sun_Mon_Tue_Wed_Thu_Fri_Sat'),
('3614', 'WN', 'Mon_Wed_Thu_Fri'),
('3615', 'UA', 'Sun_Mon_Tue_Wed_Thu_Fri_Sat'),
('3616', 'US', 'Sun_Mon_Tue_Wed_Thu_Fri_Sat'),
('3627', 'WN', 'Mon_Wed_Thu_Fri'),
('3628', 'AA', 'Mon_Wed_Thu_Fri'),
('3629', 'US', 'Sun_Mon_Tue_Wed_Thu_Fri_Sat'),
('3630', 'DL', 'Sun_Mon_Tue_Wed_Thu_Fri_Sat'),
('3632', 'AA', 'Mon_Wed_Thu_Fri'),
('3634', 'WN', 'Sun_Mon_Tue_Wed_Thu_Fri_Sat'),
('3637', 'AA', 'Sun_Mon_Tue_Wed_Thu_Fri_Sat'),
('3638', 'UA', 'Mon_Wed_Thu_Fri'),
('3639', 'US', 'Sun_Mon_Tue_Wed_Thu_Fri_Sat'),
('3646', 'US', 'Sun_Mon_Tue_Wed_Thu_Fri_Sat'),
('3648', 'UA', 'Sun_Mon_Tue_Wed_Thu_Fri_Sat'),
('3650', 'UA', 'Mon_Wed_Thu_Fri'),
('3656', 'AA', 'Sun_Mon_Tue_Wed_Thu_Fri_Sat'),
('3658', 'AA', 'Sun_Mon_Tue_Wed_Thu_Fri_Sat'),
('3661', 'WN', 'Sun_Mon_Tue_Wed_Thu_Fri_Sat'),
('3668', 'US', 'Sun_Mon_Tue_Wed_Thu_Fri_Sat'),
('3672', 'UA', 'Mon_Wed_Thu_Fri'),
('3674', 'AA', 'Sun_Mon_Tue_Wed_Thu_Fri_Sat'),
('3676', 'AA', 'Mon_Wed_Thu_Fri'),
('3678', 'US', 'Mon_Wed_Thu_Fri'),
('3679', 'WN', 'Sun_Mon_Tue_Wed_Thu_Fri_Sat'),
('368', 'WN', 'Sun_Mon_Tue_Wed_Thu_Fri_Sat'),
('3695', 'AA', 'Mon_Wed_Thu_Fri'),
('3696', 'US', 'Sun_Mon_Tue_Wed_Thu_Fri_Sat'),
('3697', 'US', 'Sun_Mon_Tue_Wed_Thu_Fri_Sat'),
('3698', 'UA', 'Sun_Mon_Tue_Wed_Thu_Fri_Sat'),
('3699', 'UA', 'Sun_Mon_Tue_Wed_Thu_Fri_Sat'),
('3701', 'B6', 'Sun_Mon_Tue_Wed_Thu_Fri_Sat'),
('3702', 'AA', 'Mon_Wed_Thu_Fri'),
('371', 'WN', 'Mon_Wed_Thu_Fri'),
('3712', 'UA', 'Sun_Mon_Tue_Wed_Thu_Fri_Sat'),
('3714', 'AA', 'Sun_Mon_Tue_Wed_Thu_Fri_Sat'),
('372', 'AA', 'Sun_Mon_Tue_Wed_Thu_Fri_Sat'),
('3722', 'US', 'Sun_Mon_Tue_Wed_Thu_Fri_Sat'),
('3725', 'US', 'Mon_Wed_Thu_Fri'),
('3728', 'AA', 'Sun_Mon_Tue_Wed_Thu_Fri_Sat'),
('3732', 'UA', 'Sun_Mon_Tue_Wed_Thu_Fri_Sat'),
('3735', 'WN', 'Sun_Mon_Tue_Wed_Thu_Fri_Sat'),
('3738', 'UA', 'Sun_Mon_Tue_Wed_Thu_Fri_Sat'),
('3741', 'DL', 'Mon_Wed_Thu_Fri'),
('3743', 'AA', 'Sun_Mon_Tue_Wed_Thu_Fri_Sat'),
('3744', 'US', 'Sun_Mon_Tue_Wed_Thu_Fri_Sat'),
('3745', 'US', 'Sun_Mon_Tue_Wed_Thu_Fri_Sat'),
('3747', 'AA', 'Sun_Mon_Tue_Wed_Thu_Fri_Sat'),
('3748', 'DL', 'Mon_Wed_Thu_Fri'),
('3749', 'US', 'Mon_Wed_Thu_Fri'),
('3752', 'US', 'Sun_Mon_Tue_Wed_Thu_Fri_Sat'),
('3753', 'UA', 'Sun_Mon_Tue_Wed_Thu_Fri_Sat'),
('3754', 'WN', 'Sun_Mon_Tue_Wed_Thu_Fri_Sat'),
('3756', 'UA', 'Mon_Wed_Thu_Fri'),
('3762', 'AA', 'Sun_Mon_Tue_Wed_Thu_Fri_Sat'),
('3763', 'DL', 'Sun_Mon_Tue_Wed_Thu_Fri_Sat'),
('3765', 'WN', 'Mon_Wed_Thu_Fri'),
('3766', 'AA', 'Sun_Mon_Tue_Wed_Thu_Fri_Sat'),
('3768', 'AA', 'Sun_Mon_Tue_Wed_Thu_Fri_Sat'),
('3769', 'US', 'Mon_Wed_Thu_Fri'),
('377', 'AA', 'Mon_Wed_Thu_Fri'),
('3770', 'UA', 'Sun_Mon_Tue_Wed_Thu_Fri_Sat'),
('3774', 'B6', 'Sun_Mon_Tue_Wed_Thu_Fri_Sat'),
('3779', 'US', 'Sun_Mon_Tue_Wed_Thu_Fri_Sat'),
('3782', 'US', 'Mon_Wed_Thu_Fri'),
('3783', 'DL', 'Mon_Wed_Thu_Fri'),
('3788', 'WN', 'Sun_Mon_Tue_Wed_Thu_Fri_Sat'),
('3796', 'DL', 'Sun_Mon_Tue_Wed_Thu_Fri_Sat'),
('3798', 'UA', 'Mon_Wed_Thu_Fri'),
('3804', 'WN', 'Sun_Mon_Tue_Wed_Thu_Fri_Sat'),
('381', 'DL', 'Sun_Mon_Tue_Wed_Thu_Fri_Sat'),
('3812', 'US', 'Sun_Mon_Tue_Wed_Thu_Fri_Sat'),
('3813', 'AA', 'Sun_Mon_Tue_Wed_Thu_Fri_Sat'),
('3816', 'AA', 'Sun_Mon_Tue_Wed_Thu_Fri_Sat'),
('3824', 'US', 'Sun_Mon_Tue_Wed_Thu_Fri_Sat'),
('3826', 'DL', 'Sun_Mon_Tue_Wed_Thu_Fri_Sat'),
('3837', 'US', 'Mon_Wed_Thu_Fri'),
('3839', 'UA', 'Mon_Wed_Thu_Fri'),
('3842', 'AA', 'Sun_Mon_Tue_Wed_Thu_Fri_Sat'),
('3845', 'AA', 'Sun_Mon_Tue_Wed_Thu_Fri_Sat'),
('3846', 'AA', 'Sun_Mon_Tue_Wed_Thu_Fri_Sat'),
('3847', 'US', 'Sun_Mon_Tue_Wed_Thu_Fri_Sat'),
('3852', 'WN', 'Mon_Wed_Thu_Fri'),
('3854', 'AA', 'Mon_Wed_Thu_Fri'),
('3858', 'AA', 'Sun_Mon_Tue_Wed_Thu_Fri_Sat'),
('3860', 'UA', 'Mon_Wed_Thu_Fri'),
('3864', 'AA', 'Mon_Wed_Thu_Fri'),
('3866', 'UA', 'Mon_Wed_Thu_Fri'),
('3869', 'WN', 'Sun_Mon_Tue_Wed_Thu_Fri_Sat'),
('3870', 'US', 'Mon_Wed_Thu_Fri'),
('3872', 'US', 'Sun_Mon_Tue_Wed_Thu_Fri_Sat'),
('3875', 'DL', 'Mon_Wed_Thu_Fri'),
('3878', 'DL', 'Sun_Mon_Tue_Wed_Thu_Fri_Sat'),
('3882', 'US', 'Sun_Mon_Tue_Wed_Thu_Fri_Sat'),
('3883', 'US', 'Sun_Mon_Tue_Wed_Thu_Fri_Sat'),
('3884', 'UA', 'Sun_Mon_Tue_Wed_Thu_Fri_Sat'),
('3885', 'DL', 'Sun_Mon_Tue_Wed_Thu_Fri_Sat'),
('3888', 'WN', 'Mon_Wed_Thu_Fri'),
('3889', 'DL', 'Sun_Mon_Tue_Wed_Thu_Fri_Sat'),
('3895', 'WN', 'Sun_Mon_Tue_Wed_Thu_Fri_Sat'),
('3897', 'DL', 'Sun_Mon_Tue_Wed_Thu_Fri_Sat'),
('39', 'US', 'Mon_Wed_Thu_Fri'),
('390', 'WN', 'Sun_Mon_Tue_Wed_Thu_Fri_Sat'),
('3900', 'US', 'Sun_Mon_Tue_Wed_Thu_Fri_Sat'),
('391', 'DL', 'Sun_Mon_Tue_Wed_Thu_Fri_Sat'),
('3912', 'AA', 'Mon_Wed_Thu_Fri'),
('392', 'AA', 'Mon_Wed_Thu_Fri'),
('3923', 'UA', 'Sun_Mon_Tue_Wed_Thu_Fri_Sat'),
('3927', 'AA', 'Sun_Mon_Tue_Wed_Thu_Fri_Sat'),
('393', 'AA', 'Mon_Wed_Thu_Fri'),
('3930', 'DL', 'Sun_Mon_Tue_Wed_Thu_Fri_Sat'),
('3931', 'US', 'Sun_Mon_Tue_Wed_Thu_Fri_Sat'),
('3935', 'WN', 'Mon_Wed_Thu_Fri'),
('3938', 'US', 'Sun_Mon_Tue_Wed_Thu_Fri_Sat'),
('394', 'AA', 'Sun_Mon_Tue_Wed_Thu_Fri_Sat'),
('3940', 'DL', 'Sun_Mon_Tue_Wed_Thu_Fri_Sat'),
('3943', 'WN', 'Sun_Mon_Tue_Wed_Thu_Fri_Sat'),
('3946', 'WN', 'Sun_Mon_Tue_Wed_Thu_Fri_Sat'),
('3950', 'US', 'Mon_Wed_Thu_Fri'),
('3951', 'AA', 'Mon_Wed_Thu_Fri'),
('3952', 'AA', 'Sun_Mon_Tue_Wed_Thu_Fri_Sat'),
('3955', 'AA', 'Sun_Mon_Tue_Wed_Thu_Fri_Sat'),
('396', 'AA', 'Sun_Mon_Tue_Wed_Thu_Fri_Sat'),
('3961', 'AA', 'Mon_Wed_Thu_Fri'),
('3964', 'US', 'Mon_Wed_Thu_Fri'),
('3969', 'WN', 'Mon_Wed_Thu_Fri'),
('3970', 'UA', 'Mon_Wed_Thu_Fri'),
('3971', 'AA', 'Sun_Mon_Tue_Wed_Thu_Fri_Sat'),
('3972', 'UA', 'Sun_Mon_Tue_Wed_Thu_Fri_Sat'),
('3977', 'AA', 'Sun_Mon_Tue_Wed_Thu_Fri_Sat'),
('3978', 'DL', 'Sun_Mon_Tue_Wed_Thu_Fri_Sat'),
('3991', 'US', 'Sun_Mon_Tue_Wed_Thu_Fri_Sat'),
('3993', 'AA', 'Mon_Wed_Thu_Fri'),
('3999', 'WN', 'Sun_Mon_Tue_Wed_Thu_Fri_Sat'),
('40', 'DL', 'Mon_Wed_Thu_Fri'),
('400', 'B6', 'Sun_Mon_Tue_Wed_Thu_Fri_Sat'),
('4002', 'AA', 'Sun_Mon_Tue_Wed_Thu_Fri_Sat'),
('4004', 'B6', 'Mon_Wed_Thu_Fri'),
('4006', 'WN', 'Mon_Wed_Thu_Fri'),
('4008', 'AA', 'Sun_Mon_Tue_Wed_Thu_Fri_Sat'),
('4009', 'AA', 'Mon_Wed_Thu_Fri'),
('4014', 'AA', 'Mon_Wed_Thu_Fri'),
('4015', 'DL', 'Sun_Mon_Tue_Wed_Thu_Fri_Sat'),
('4020', 'US', 'Sun_Mon_Tue_Wed_Thu_Fri_Sat'),
('4028', 'WN', 'Sun_Mon_Tue_Wed_Thu_Fri_Sat'),
('4034', 'DL', 'Sun_Mon_Tue_Wed_Thu_Fri_Sat'),
('4037', 'AA', 'Mon_Wed_Thu_Fri'),
('4039', 'UA', 'Mon_Wed_Thu_Fri'),
('4041', 'B6', 'Mon_Wed_Thu_Fri'),
('4042', 'AA', 'Sun_Mon_Tue_Wed_Thu_Fri_Sat'),
('4043', 'WN', 'Sun_Mon_Tue_Wed_Thu_Fri_Sat'),
('4044', 'B6', 'Sun_Mon_Tue_Wed_Thu_Fri_Sat'),
('405', 'AA', 'Sun_Mon_Tue_Wed_Thu_Fri_Sat'),
('4054', 'AA', 'Sun_Mon_Tue_Wed_Thu_Fri_Sat'),
('4057', 'WN', 'Sun_Mon_Tue_Wed_Thu_Fri_Sat'),
('4063', 'DL', 'Sun_Mon_Tue_Wed_Thu_Fri_Sat'),
('4064', 'WN', 'Sun_Mon_Tue_Wed_Thu_Fri_Sat'),
('4068', 'US', 'Sun_Mon_Tue_Wed_Thu_Fri_Sat'),
('407', 'US', 'Mon_Wed_Thu_Fri'),
('4072', 'AA', 'Mon_Wed_Thu_Fri'),
('4074', 'DL', 'Sun_Mon_Tue_Wed_Thu_Fri_Sat'),
('4075', 'DL', 'Sun_Mon_Tue_Wed_Thu_Fri_Sat'),
('4076', 'WN', 'Sun_Mon_Tue_Wed_Thu_Fri_Sat'),
('4081', 'UA', 'Sun_Mon_Tue_Wed_Thu_Fri_Sat'),
('4084', 'US', 'Mon_Wed_Thu_Fri'),
('4091', 'WN', 'Sun_Mon_Tue_Wed_Thu_Fri_Sat'),
('4093', 'WN', 'Sun_Mon_Tue_Wed_Thu_Fri_Sat'),
('4099', 'AA', 'Sun_Mon_Tue_Wed_Thu_Fri_Sat'),
('410', 'US', 'Sun_Mon_Tue_Wed_Thu_Fri_Sat'),
('4106', 'US', 'Mon_Wed_Thu_Fri'),
('411', 'UA', 'Sun_Mon_Tue_Wed_Thu_Fri_Sat'),
('4111', 'US', 'Sun_Mon_Tue_Wed_Thu_Fri_Sat'),
('412', 'UA', 'Sun_Mon_Tue_Wed_Thu_Fri_Sat'),
('4121', 'AA', 'Sun_Mon_Tue_Wed_Thu_Fri_Sat'),
('4122', 'US', 'Sun_Mon_Tue_Wed_Thu_Fri_Sat'),
('4126', 'AA', 'Sun_Mon_Tue_Wed_Thu_Fri_Sat'),
('4129', 'DL', 'Sun_Mon_Tue_Wed_Thu_Fri_Sat'),
('4131', 'AA', 'Sun_Mon_Tue_Wed_Thu_Fri_Sat'),
('4132', 'WN', 'Sun_Mon_Tue_Wed_Thu_Fri_Sat'),
('4136', 'AA', 'Sun_Mon_Tue_Wed_Thu_Fri_Sat'),
('4138', 'US', 'Sun_Mon_Tue_Wed_Thu_Fri_Sat'),
('4141', 'DL', 'Mon_Wed_Thu_Fri'),
('4142', 'AA', 'Sun_Mon_Tue_Wed_Thu_Fri_Sat'),
('4148', 'US', 'Sun_Mon_Tue_Wed_Thu_Fri_Sat'),
('415', 'WN', 'Sun_Mon_Tue_Wed_Thu_Fri_Sat'),
('4150', 'UA', 'Sun_Mon_Tue_Wed_Thu_Fri_Sat'),
('4151', 'AA', 'Sun_Mon_Tue_Wed_Thu_Fri_Sat'),
('4152', 'UA', 'Sun_Mon_Tue_Wed_Thu_Fri_Sat'),
('4158', 'AA', 'Sun_Mon_Tue_Wed_Thu_Fri_Sat'),
('4168', 'WN', 'Sun_Mon_Tue_Wed_Thu_Fri_Sat'),
('417', 'US', 'Mon_Wed_Thu_Fri'),
('4170', 'WN', 'Mon_Wed_Thu_Fri'),
('4171', 'WN', 'Sun_Mon_Tue_Wed_Thu_Fri_Sat'),
('4173', 'US', 'Mon_Wed_Thu_Fri'),
('4175', 'US', 'Sun_Mon_Tue_Wed_Thu_Fri_Sat'),
('4176', 'B6', 'Mon_Wed_Thu_Fri'),
('4177', 'WN', 'Sun_Mon_Tue_Wed_Thu_Fri_Sat'),
('4179', 'US', 'Sun_Mon_Tue_Wed_Thu_Fri_Sat'),
('4180', 'DL', 'Mon_Wed_Thu_Fri'),
('4182', 'US', 'Sun_Mon_Tue_Wed_Thu_Fri_Sat'),
('4185', 'US', 'Sun_Mon_Tue_Wed_Thu_Fri_Sat'),
('4188', 'DL', 'Mon_Wed_Thu_Fri'),
('4189', 'UA', 'Mon_Wed_Thu_Fri'),
('4192', 'AA', 'Sun_Mon_Tue_Wed_Thu_Fri_Sat'),
('4196', 'US', 'Mon_Wed_Thu_Fri'),
('4197', 'B6', 'Mon_Wed_Thu_Fri'),
('42', 'UA', 'Sun_Mon_Tue_Wed_Thu_Fri_Sat'),
('420', 'AA', 'Sun_Mon_Tue_Wed_Thu_Fri_Sat'),
('4200', 'WN', 'Mon_Wed_Thu_Fri'),
('4202', 'WN', 'Mon_Wed_Thu_Fri'),
('4209', 'AA', 'Mon_Wed_Thu_Fri'),
('4212', 'WN', 'Sun_Mon_Tue_Wed_Thu_Fri_Sat'),
('4232', 'B6', 'Mon_Wed_Thu_Fri'),
('4234', 'UA', 'Sun_Mon_Tue_Wed_Thu_Fri_Sat'),
('4236', 'WN', 'Sun_Mon_Tue_Wed_Thu_Fri_Sat'),
('4237', 'US', 'Sun_Mon_Tue_Wed_Thu_Fri_Sat'),
('4244', 'AA', 'Sun_Mon_Tue_Wed_Thu_Fri_Sat'),
('4247', 'AA', 'Sun_Mon_Tue_Wed_Thu_Fri_Sat'),
('425', 'WN', 'Mon_Wed_Thu_Fri'),
('4252', 'AA', 'Sun_Mon_Tue_Wed_Thu_Fri_Sat'),
('4257', 'UA', 'Sun_Mon_Tue_Wed_Thu_Fri_Sat'),
('4264', 'B6', 'Mon_Wed_Thu_Fri'),
('4265', 'UA', 'Sun_Mon_Tue_Wed_Thu_Fri_Sat'),
('4270', 'UA', 'Mon_Wed_Thu_Fri'),
('4273', 'DL', 'Sun_Mon_Tue_Wed_Thu_Fri_Sat'),
('4274', 'AA', 'Sun_Mon_Tue_Wed_Thu_Fri_Sat'),
('4277', 'DL', 'Sun_Mon_Tue_Wed_Thu_Fri_Sat'),
('4279', 'B6', 'Sun_Mon_Tue_Wed_Thu_Fri_Sat'),
('4280', 'AA', 'Sun_Mon_Tue_Wed_Thu_Fri_Sat'),
('429', 'US', 'Sun_Mon_Tue_Wed_Thu_Fri_Sat'),
('4291', 'UA', 'Mon_Wed_Thu_Fri'),
('4294', 'DL', 'Sun_Mon_Tue_Wed_Thu_Fri_Sat'),
('4295', 'UA', 'Sun_Mon_Tue_Wed_Thu_Fri_Sat'),
('4300', 'DL', 'Sun_Mon_Tue_Wed_Thu_Fri_Sat'),
('4302', 'AA', 'Sun_Mon_Tue_Wed_Thu_Fri_Sat'),
('4304', 'AA', 'Sun_Mon_Tue_Wed_Thu_Fri_Sat'),
('4308', 'B6', 'Mon_Wed_Thu_Fri'),
('4310', 'DL', 'Sun_Mon_Tue_Wed_Thu_Fri_Sat'),
('4313', 'UA', 'Mon_Wed_Thu_Fri'),
('4315', 'UA', 'Sun_Mon_Tue_Wed_Thu_Fri_Sat'),
('4319', 'US', 'Sun_Mon_Tue_Wed_Thu_Fri_Sat'),
('432', 'DL', 'Sun_Mon_Tue_Wed_Thu_Fri_Sat'),
('4320', 'US', 'Mon_Wed_Thu_Fri'),
('4326', 'US', 'Mon_Wed_Thu_Fri'),
('433', 'UA', 'Sun_Mon_Tue_Wed_Thu_Fri_Sat'),
('4331', 'UA', 'Mon_Wed_Thu_Fri'),
('4335', 'UA', 'Mon_Wed_Thu_Fri'),
('4341', 'AA', 'Sun_Mon_Tue_Wed_Thu_Fri_Sat'),
('4343', 'B6', 'Sun_Mon_Tue_Wed_Thu_Fri_Sat'),
('4344', 'WN', 'Sun_Mon_Tue_Wed_Thu_Fri_Sat'),
('4350', 'WN', 'Mon_Wed_Thu_Fri'),
('4351', 'B6', 'Mon_Wed_Thu_Fri'),
('4352', 'AA', 'Sun_Mon_Tue_Wed_Thu_Fri_Sat'),
('4354', 'US', 'Mon_Wed_Thu_Fri'),
('4356', 'UA', 'Mon_Wed_Thu_Fri'),
('4357', 'US', 'Mon_Wed_Thu_Fri'),
('4359', 'AA', 'Mon_Wed_Thu_Fri'),
('4363', 'DL', 'Sun_Mon_Tue_Wed_Thu_Fri_Sat'),
('4364', 'UA', 'Mon_Wed_Thu_Fri'),
('4366', 'US', 'Mon_Wed_Thu_Fri'),
('4370', 'AA', 'Mon_Wed_Thu_Fri'),
('4378', 'DL', 'Sun_Mon_Tue_Wed_Thu_Fri_Sat'),
('4381', 'UA', 'Sun_Mon_Tue_Wed_Thu_Fri_Sat'),
('4384', 'UA', 'Sun_Mon_Tue_Wed_Thu_Fri_Sat'),
('4385', 'AA', 'Mon_Wed_Thu_Fri'),
('439', 'US', 'Mon_Wed_Thu_Fri'),
('4391', 'B6', 'Sun_Mon_Tue_Wed_Thu_Fri_Sat'),
('4392', 'UA', 'Sun_Mon_Tue_Wed_Thu_Fri_Sat'),
('4394', 'AA', 'Sun_Mon_Tue_Wed_Thu_Fri_Sat'),
('4395', 'US', 'Sun_Mon_Tue_Wed_Thu_Fri_Sat'),
('4396', 'US', 'Sun_Mon_Tue_Wed_Thu_Fri_Sat'),
('4399', 'US', 'Mon_Wed_Thu_Fri'),
('4410', 'US', 'Mon_Wed_Thu_Fri'),
('4411', 'UA', 'Mon_Wed_Thu_Fri'),
('4414', 'US', 'Mon_Wed_Thu_Fri'),
('4415', 'AA', 'Mon_Wed_Thu_Fri'),
('4416', 'B6', 'Mon_Wed_Thu_Fri'),
('4421', 'B6', 'Mon_Wed_Thu_Fri'),
('4422', 'US', 'Sun_Mon_Tue_Wed_Thu_Fri_Sat'),
('4425', 'DL', 'Mon_Wed_Thu_Fri'),
('4426', 'US', 'Mon_Wed_Thu_Fri'),
('443', 'US', 'Mon_Wed_Thu_Fri');
INSERT INTO `flight` (`Flight_number`, `Airline`, `Weekdays`) VALUES
('4430', 'DL', 'Sun_Mon_Tue_Wed_Thu_Fri_Sat'),
('4431', 'US', 'Sun_Mon_Tue_Wed_Thu_Fri_Sat'),
('4432', 'US', 'Sun_Mon_Tue_Wed_Thu_Fri_Sat'),
('444', 'DL', 'Sun_Mon_Tue_Wed_Thu_Fri_Sat'),
('4443', 'B6', 'Sun_Mon_Tue_Wed_Thu_Fri_Sat'),
('4444', 'UA', 'Mon_Wed_Thu_Fri'),
('4445', 'AA', 'Mon_Wed_Thu_Fri'),
('4447', 'AA', 'Mon_Wed_Thu_Fri'),
('4448', 'US', 'Sun_Mon_Tue_Wed_Thu_Fri_Sat'),
('445', 'WN', 'Mon_Wed_Thu_Fri'),
('4452', 'AA', 'Mon_Wed_Thu_Fri'),
('4453', 'US', 'Sun_Mon_Tue_Wed_Thu_Fri_Sat'),
('4454', 'DL', 'Sun_Mon_Tue_Wed_Thu_Fri_Sat'),
('4459', 'UA', 'Sun_Mon_Tue_Wed_Thu_Fri_Sat'),
('4462', 'DL', 'Sun_Mon_Tue_Wed_Thu_Fri_Sat'),
('4463', 'WN', 'Mon_Wed_Thu_Fri'),
('4467', 'AA', 'Mon_Wed_Thu_Fri'),
('4468', 'US', 'Sun_Mon_Tue_Wed_Thu_Fri_Sat'),
('447', 'WN', 'Mon_Wed_Thu_Fri'),
('4474', 'AA', 'Mon_Wed_Thu_Fri'),
('4478', 'WN', 'Mon_Wed_Thu_Fri'),
('4479', 'US', 'Sun_Mon_Tue_Wed_Thu_Fri_Sat'),
('4480', 'AA', 'Sun_Mon_Tue_Wed_Thu_Fri_Sat'),
('4483', 'AA', 'Sun_Mon_Tue_Wed_Thu_Fri_Sat'),
('4484', 'WN', 'Sun_Mon_Tue_Wed_Thu_Fri_Sat'),
('4490', 'WN', 'Mon_Wed_Thu_Fri'),
('4494', 'AA', 'Sun_Mon_Tue_Wed_Thu_Fri_Sat'),
('4495', 'AA', 'Mon_Wed_Thu_Fri'),
('4496', 'US', 'Mon_Wed_Thu_Fri'),
('4499', 'UA', 'Mon_Wed_Thu_Fri'),
('450', 'WN', 'Mon_Wed_Thu_Fri'),
('4500', 'WN', 'Sun_Mon_Tue_Wed_Thu_Fri_Sat'),
('4501', 'US', 'Sun_Mon_Tue_Wed_Thu_Fri_Sat'),
('4502', 'US', 'Sun_Mon_Tue_Wed_Thu_Fri_Sat'),
('4505', 'WN', 'Sun_Mon_Tue_Wed_Thu_Fri_Sat'),
('4512', 'WN', 'Sun_Mon_Tue_Wed_Thu_Fri_Sat'),
('4513', 'AA', 'Sun_Mon_Tue_Wed_Thu_Fri_Sat'),
('4515', 'AA', 'Sun_Mon_Tue_Wed_Thu_Fri_Sat'),
('4519', 'US', 'Sun_Mon_Tue_Wed_Thu_Fri_Sat'),
('4523', 'AA', 'Sun_Mon_Tue_Wed_Thu_Fri_Sat'),
('4525', 'DL', 'Sun_Mon_Tue_Wed_Thu_Fri_Sat'),
('4526', 'US', 'Mon_Wed_Thu_Fri'),
('4532', 'B6', 'Mon_Wed_Thu_Fri'),
('4533', 'US', 'Sun_Mon_Tue_Wed_Thu_Fri_Sat'),
('4538', 'WN', 'Mon_Wed_Thu_Fri'),
('4539', 'WN', 'Mon_Wed_Thu_Fri'),
('4542', 'AA', 'Mon_Wed_Thu_Fri'),
('4546', 'DL', 'Sun_Mon_Tue_Wed_Thu_Fri_Sat'),
('4547', 'UA', 'Sun_Mon_Tue_Wed_Thu_Fri_Sat'),
('4549', 'DL', 'Mon_Wed_Thu_Fri'),
('455', 'DL', 'Mon_Wed_Thu_Fri'),
('4552', 'US', 'Sun_Mon_Tue_Wed_Thu_Fri_Sat'),
('4553', 'AA', 'Sun_Mon_Tue_Wed_Thu_Fri_Sat'),
('4554', 'AA', 'Mon_Wed_Thu_Fri'),
('4555', 'UA', 'Sun_Mon_Tue_Wed_Thu_Fri_Sat'),
('4558', 'US', 'Mon_Wed_Thu_Fri'),
('456', 'AA', 'Sun_Mon_Tue_Wed_Thu_Fri_Sat'),
('4560', 'WN', 'Mon_Wed_Thu_Fri'),
('4561', 'AA', 'Sun_Mon_Tue_Wed_Thu_Fri_Sat'),
('4562', 'US', 'Sun_Mon_Tue_Wed_Thu_Fri_Sat'),
('4563', 'B6', 'Sun_Mon_Tue_Wed_Thu_Fri_Sat'),
('4567', 'AA', 'Sun_Mon_Tue_Wed_Thu_Fri_Sat'),
('4569', 'WN', 'Sun_Mon_Tue_Wed_Thu_Fri_Sat'),
('4572', 'WN', 'Mon_Wed_Thu_Fri'),
('4574', 'WN', 'Sun_Mon_Tue_Wed_Thu_Fri_Sat'),
('4580', 'WN', 'Mon_Wed_Thu_Fri'),
('4582', 'US', 'Mon_Wed_Thu_Fri'),
('4584', 'AA', 'Sun_Mon_Tue_Wed_Thu_Fri_Sat'),
('4585', 'DL', 'Mon_Wed_Thu_Fri'),
('4586', 'UA', 'Mon_Wed_Thu_Fri'),
('4594', 'AA', 'Sun_Mon_Tue_Wed_Thu_Fri_Sat'),
('4595', 'UA', 'Mon_Wed_Thu_Fri'),
('4596', 'DL', 'Mon_Wed_Thu_Fri'),
('4598', 'AA', 'Sun_Mon_Tue_Wed_Thu_Fri_Sat'),
('4599', 'AA', 'Mon_Wed_Thu_Fri'),
('4602', 'WN', 'Sun_Mon_Tue_Wed_Thu_Fri_Sat'),
('4605', 'US', 'Sun_Mon_Tue_Wed_Thu_Fri_Sat'),
('4606', 'US', 'Mon_Wed_Thu_Fri'),
('4607', 'US', 'Sun_Mon_Tue_Wed_Thu_Fri_Sat'),
('4608', 'WN', 'Sun_Mon_Tue_Wed_Thu_Fri_Sat'),
('461', 'AA', 'Sun_Mon_Tue_Wed_Thu_Fri_Sat'),
('4612', 'AA', 'Mon_Wed_Thu_Fri'),
('4613', 'AA', 'Mon_Wed_Thu_Fri'),
('4616', 'AA', 'Mon_Wed_Thu_Fri'),
('4618', 'US', 'Sun_Mon_Tue_Wed_Thu_Fri_Sat'),
('4620', 'US', 'Sun_Mon_Tue_Wed_Thu_Fri_Sat'),
('4622', 'DL', 'Sun_Mon_Tue_Wed_Thu_Fri_Sat'),
('4623', 'AA', 'Sun_Mon_Tue_Wed_Thu_Fri_Sat'),
('4624', 'UA', 'Mon_Wed_Thu_Fri'),
('4625', 'AA', 'Sun_Mon_Tue_Wed_Thu_Fri_Sat'),
('4626', 'DL', 'Sun_Mon_Tue_Wed_Thu_Fri_Sat'),
('4629', 'B6', 'Sun_Mon_Tue_Wed_Thu_Fri_Sat'),
('463', 'US', 'Sun_Mon_Tue_Wed_Thu_Fri_Sat'),
('4630', 'UA', 'Sun_Mon_Tue_Wed_Thu_Fri_Sat'),
('4632', 'US', 'Sun_Mon_Tue_Wed_Thu_Fri_Sat'),
('4633', 'AA', 'Mon_Wed_Thu_Fri'),
('4634', 'UA', 'Sun_Mon_Tue_Wed_Thu_Fri_Sat'),
('4639', 'AA', 'Mon_Wed_Thu_Fri'),
('464', 'WN', 'Sun_Mon_Tue_Wed_Thu_Fri_Sat'),
('4640', 'B6', 'Mon_Wed_Thu_Fri'),
('4642', 'AA', 'Mon_Wed_Thu_Fri'),
('4643', 'WN', 'Sun_Mon_Tue_Wed_Thu_Fri_Sat'),
('4646', 'US', 'Sun_Mon_Tue_Wed_Thu_Fri_Sat'),
('4647', 'AA', 'Sun_Mon_Tue_Wed_Thu_Fri_Sat'),
('4652', 'WN', 'Sun_Mon_Tue_Wed_Thu_Fri_Sat'),
('4655', 'AA', 'Sun_Mon_Tue_Wed_Thu_Fri_Sat'),
('466', 'AA', 'Mon_Wed_Thu_Fri'),
('4660', 'WN', 'Mon_Wed_Thu_Fri'),
('4663', 'B6', 'Sun_Mon_Tue_Wed_Thu_Fri_Sat'),
('4664', 'AA', 'Mon_Wed_Thu_Fri'),
('4669', 'UA', 'Sun_Mon_Tue_Wed_Thu_Fri_Sat'),
('467', 'WN', 'Mon_Wed_Thu_Fri'),
('4673', 'DL', 'Sun_Mon_Tue_Wed_Thu_Fri_Sat'),
('4675', 'WN', 'Sun_Mon_Tue_Wed_Thu_Fri_Sat'),
('4676', 'UA', 'Mon_Wed_Thu_Fri'),
('4679', 'DL', 'Mon_Wed_Thu_Fri'),
('468', 'B6', 'Mon_Wed_Thu_Fri'),
('4680', 'AA', 'Sun_Mon_Tue_Wed_Thu_Fri_Sat'),
('4689', 'WN', 'Mon_Wed_Thu_Fri'),
('4690', 'US', 'Mon_Wed_Thu_Fri'),
('4692', 'US', 'Sun_Mon_Tue_Wed_Thu_Fri_Sat'),
('4695', 'WN', 'Sun_Mon_Tue_Wed_Thu_Fri_Sat'),
('4696', 'AA', 'Mon_Wed_Thu_Fri'),
('47', 'WN', 'Mon_Wed_Thu_Fri'),
('470', 'UA', 'Mon_Wed_Thu_Fri'),
('4706', 'UA', 'Sun_Mon_Tue_Wed_Thu_Fri_Sat'),
('4707', 'B6', 'Mon_Wed_Thu_Fri'),
('4708', 'AA', 'Sun_Mon_Tue_Wed_Thu_Fri_Sat'),
('4712', 'AA', 'Sun_Mon_Tue_Wed_Thu_Fri_Sat'),
('4716', 'AA', 'Sun_Mon_Tue_Wed_Thu_Fri_Sat'),
('4719', 'UA', 'Sun_Mon_Tue_Wed_Thu_Fri_Sat'),
('472', 'UA', 'Sun_Mon_Tue_Wed_Thu_Fri_Sat'),
('4725', 'US', 'Sun_Mon_Tue_Wed_Thu_Fri_Sat'),
('473', 'UA', 'Sun_Mon_Tue_Wed_Thu_Fri_Sat'),
('4735', 'AA', 'Sun_Mon_Tue_Wed_Thu_Fri_Sat'),
('4741', 'US', 'Sun_Mon_Tue_Wed_Thu_Fri_Sat'),
('4746', 'DL', 'Sun_Mon_Tue_Wed_Thu_Fri_Sat'),
('475', 'AA', 'Sun_Mon_Tue_Wed_Thu_Fri_Sat'),
('4754', 'US', 'Sun_Mon_Tue_Wed_Thu_Fri_Sat'),
('4757', 'AA', 'Sun_Mon_Tue_Wed_Thu_Fri_Sat'),
('4759', 'UA', 'Sun_Mon_Tue_Wed_Thu_Fri_Sat'),
('4762', 'B6', 'Sun_Mon_Tue_Wed_Thu_Fri_Sat'),
('4768', 'AA', 'Sun_Mon_Tue_Wed_Thu_Fri_Sat'),
('4769', 'UA', 'Mon_Wed_Thu_Fri'),
('477', 'US', 'Mon_Wed_Thu_Fri'),
('4771', 'WN', 'Sun_Mon_Tue_Wed_Thu_Fri_Sat'),
('4774', 'UA', 'Sun_Mon_Tue_Wed_Thu_Fri_Sat'),
('4775', 'AA', 'Sun_Mon_Tue_Wed_Thu_Fri_Sat'),
('4776', 'US', 'Sun_Mon_Tue_Wed_Thu_Fri_Sat'),
('4779', 'AA', 'Mon_Wed_Thu_Fri'),
('4783', 'AA', 'Sun_Mon_Tue_Wed_Thu_Fri_Sat'),
('4786', 'DL', 'Sun_Mon_Tue_Wed_Thu_Fri_Sat'),
('479', 'US', 'Sun_Mon_Tue_Wed_Thu_Fri_Sat'),
('4790', 'US', 'Sun_Mon_Tue_Wed_Thu_Fri_Sat'),
('4795', 'WN', 'Mon_Wed_Thu_Fri'),
('4797', 'AA', 'Sun_Mon_Tue_Wed_Thu_Fri_Sat'),
('4798', 'AA', 'Mon_Wed_Thu_Fri'),
('48', 'UA', 'Sun_Mon_Tue_Wed_Thu_Fri_Sat'),
('4800', 'AA', 'Sun_Mon_Tue_Wed_Thu_Fri_Sat'),
('4801', 'AA', 'Sun_Mon_Tue_Wed_Thu_Fri_Sat'),
('4805', 'DL', 'Sun_Mon_Tue_Wed_Thu_Fri_Sat'),
('4807', 'AA', 'Sun_Mon_Tue_Wed_Thu_Fri_Sat'),
('4811', 'DL', 'Sun_Mon_Tue_Wed_Thu_Fri_Sat'),
('4814', 'B6', 'Sun_Mon_Tue_Wed_Thu_Fri_Sat'),
('4816', 'AA', 'Mon_Wed_Thu_Fri'),
('4819', 'UA', 'Sun_Mon_Tue_Wed_Thu_Fri_Sat'),
('482', 'UA', 'Sun_Mon_Tue_Wed_Thu_Fri_Sat'),
('4820', 'B6', 'Sun_Mon_Tue_Wed_Thu_Fri_Sat'),
('4821', 'US', 'Sun_Mon_Tue_Wed_Thu_Fri_Sat'),
('4822', 'US', 'Sun_Mon_Tue_Wed_Thu_Fri_Sat'),
('4824', 'AA', 'Sun_Mon_Tue_Wed_Thu_Fri_Sat'),
('4825', 'UA', 'Mon_Wed_Thu_Fri'),
('4826', 'UA', 'Sun_Mon_Tue_Wed_Thu_Fri_Sat'),
('4827', 'AA', 'Sun_Mon_Tue_Wed_Thu_Fri_Sat'),
('4833', 'UA', 'Sun_Mon_Tue_Wed_Thu_Fri_Sat'),
('4834', 'UA', 'Sun_Mon_Tue_Wed_Thu_Fri_Sat'),
('4835', 'AA', 'Mon_Wed_Thu_Fri'),
('4837', 'AA', 'Mon_Wed_Thu_Fri'),
('4840', 'WN', 'Sun_Mon_Tue_Wed_Thu_Fri_Sat'),
('4842', 'WN', 'Sun_Mon_Tue_Wed_Thu_Fri_Sat'),
('4845', 'AA', 'Sun_Mon_Tue_Wed_Thu_Fri_Sat'),
('4846', 'WN', 'Mon_Wed_Thu_Fri'),
('4849', 'AA', 'Mon_Wed_Thu_Fri'),
('4853', 'AA', 'Sun_Mon_Tue_Wed_Thu_Fri_Sat'),
('4859', 'UA', 'Sun_Mon_Tue_Wed_Thu_Fri_Sat'),
('486', 'US', 'Sun_Mon_Tue_Wed_Thu_Fri_Sat'),
('4865', 'B6', 'Sun_Mon_Tue_Wed_Thu_Fri_Sat'),
('4866', 'AA', 'Mon_Wed_Thu_Fri'),
('4876', 'WN', 'Mon_Wed_Thu_Fri'),
('4885', 'AA', 'Mon_Wed_Thu_Fri'),
('4886', 'AA', 'Mon_Wed_Thu_Fri'),
('4891', 'AA', 'Sun_Mon_Tue_Wed_Thu_Fri_Sat'),
('4892', 'DL', 'Sun_Mon_Tue_Wed_Thu_Fri_Sat'),
('4894', 'WN', 'Sun_Mon_Tue_Wed_Thu_Fri_Sat'),
('4896', 'WN', 'Mon_Wed_Thu_Fri'),
('4897', 'US', 'Sun_Mon_Tue_Wed_Thu_Fri_Sat'),
('4900', 'WN', 'Sun_Mon_Tue_Wed_Thu_Fri_Sat'),
('4908', 'WN', 'Sun_Mon_Tue_Wed_Thu_Fri_Sat'),
('4909', 'US', 'Sun_Mon_Tue_Wed_Thu_Fri_Sat'),
('4912', 'UA', 'Sun_Mon_Tue_Wed_Thu_Fri_Sat'),
('4913', 'B6', 'Mon_Wed_Thu_Fri'),
('4914', 'UA', 'Sun_Mon_Tue_Wed_Thu_Fri_Sat'),
('4917', 'B6', 'Sun_Mon_Tue_Wed_Thu_Fri_Sat'),
('4926', 'DL', 'Sun_Mon_Tue_Wed_Thu_Fri_Sat'),
('4928', 'UA', 'Mon_Wed_Thu_Fri'),
('4929', 'US', 'Sun_Mon_Tue_Wed_Thu_Fri_Sat'),
('4931', 'AA', 'Sun_Mon_Tue_Wed_Thu_Fri_Sat'),
('4941', 'DL', 'Sun_Mon_Tue_Wed_Thu_Fri_Sat'),
('4943', 'WN', 'Sun_Mon_Tue_Wed_Thu_Fri_Sat'),
('4945', 'AA', 'Sun_Mon_Tue_Wed_Thu_Fri_Sat'),
('4946', 'B6', 'Sun_Mon_Tue_Wed_Thu_Fri_Sat'),
('4948', 'AA', 'Mon_Wed_Thu_Fri'),
('4949', 'B6', 'Sun_Mon_Tue_Wed_Thu_Fri_Sat'),
('4950', 'AA', 'Mon_Wed_Thu_Fri'),
('4953', 'US', 'Sun_Mon_Tue_Wed_Thu_Fri_Sat'),
('4955', 'US', 'Sun_Mon_Tue_Wed_Thu_Fri_Sat'),
('4964', 'UA', 'Sun_Mon_Tue_Wed_Thu_Fri_Sat'),
('4966', 'US', 'Mon_Wed_Thu_Fri'),
('497', 'AA', 'Sun_Mon_Tue_Wed_Thu_Fri_Sat'),
('4970', 'WN', 'Mon_Wed_Thu_Fri'),
('4975', 'UA', 'Mon_Wed_Thu_Fri'),
('4977', 'US', 'Mon_Wed_Thu_Fri'),
('498', 'AA', 'Sun_Mon_Tue_Wed_Thu_Fri_Sat'),
('4980', 'WN', 'Sun_Mon_Tue_Wed_Thu_Fri_Sat'),
('4982', 'AA', 'Sun_Mon_Tue_Wed_Thu_Fri_Sat'),
('4986', 'UA', 'Sun_Mon_Tue_Wed_Thu_Fri_Sat'),
('4987', 'WN', 'Mon_Wed_Thu_Fri'),
('4988', 'UA', 'Sun_Mon_Tue_Wed_Thu_Fri_Sat'),
('499', 'US', 'Mon_Wed_Thu_Fri'),
('4993', 'B6', 'Mon_Wed_Thu_Fri'),
('4994', 'US', 'Sun_Mon_Tue_Wed_Thu_Fri_Sat'),
('4996', 'DL', 'Sun_Mon_Tue_Wed_Thu_Fri_Sat'),
('4998', 'UA', 'Sun_Mon_Tue_Wed_Thu_Fri_Sat'),
('50', 'B6', 'Sun_Mon_Tue_Wed_Thu_Fri_Sat'),
('5003', 'WN', 'Mon_Wed_Thu_Fri'),
('5004', 'AA', 'Sun_Mon_Tue_Wed_Thu_Fri_Sat'),
('5005', 'AA', 'Sun_Mon_Tue_Wed_Thu_Fri_Sat'),
('5008', 'UA', 'Sun_Mon_Tue_Wed_Thu_Fri_Sat'),
('501', 'UA', 'Mon_Wed_Thu_Fri'),
('5010', 'US', 'Mon_Wed_Thu_Fri'),
('5011', 'AA', 'Sun_Mon_Tue_Wed_Thu_Fri_Sat'),
('5012', 'UA', 'Mon_Wed_Thu_Fri'),
('5013', 'UA', 'Mon_Wed_Thu_Fri'),
('502', 'WN', 'Sun_Mon_Tue_Wed_Thu_Fri_Sat'),
('5020', 'AA', 'Sun_Mon_Tue_Wed_Thu_Fri_Sat'),
('5022', 'AA', 'Sun_Mon_Tue_Wed_Thu_Fri_Sat'),
('5023', 'WN', 'Sun_Mon_Tue_Wed_Thu_Fri_Sat'),
('5025', 'AA', 'Sun_Mon_Tue_Wed_Thu_Fri_Sat'),
('5026', 'AA', 'Sun_Mon_Tue_Wed_Thu_Fri_Sat'),
('5028', 'B6', 'Sun_Mon_Tue_Wed_Thu_Fri_Sat'),
('5030', 'UA', 'Mon_Wed_Thu_Fri'),
('5037', 'UA', 'Sun_Mon_Tue_Wed_Thu_Fri_Sat'),
('5038', 'US', 'Sun_Mon_Tue_Wed_Thu_Fri_Sat'),
('5039', 'US', 'Sun_Mon_Tue_Wed_Thu_Fri_Sat'),
('5040', 'WN', 'Sun_Mon_Tue_Wed_Thu_Fri_Sat'),
('5046', 'AA', 'Sun_Mon_Tue_Wed_Thu_Fri_Sat'),
('5048', 'AA', 'Sun_Mon_Tue_Wed_Thu_Fri_Sat'),
('5054', 'UA', 'Mon_Wed_Thu_Fri'),
('5056', 'WN', 'Sun_Mon_Tue_Wed_Thu_Fri_Sat'),
('5065', 'DL', 'Mon_Wed_Thu_Fri'),
('5066', 'WN', 'Mon_Wed_Thu_Fri'),
('5068', 'AA', 'Sun_Mon_Tue_Wed_Thu_Fri_Sat'),
('5069', 'US', 'Sun_Mon_Tue_Wed_Thu_Fri_Sat'),
('507', 'US', 'Sun_Mon_Tue_Wed_Thu_Fri_Sat'),
('5070', 'WN', 'Sun_Mon_Tue_Wed_Thu_Fri_Sat'),
('5073', 'WN', 'Sun_Mon_Tue_Wed_Thu_Fri_Sat'),
('5075', 'AA', 'Mon_Wed_Thu_Fri'),
('5076', 'UA', 'Mon_Wed_Thu_Fri'),
('5077', 'AA', 'Sun_Mon_Tue_Wed_Thu_Fri_Sat'),
('5080', 'WN', 'Sun_Mon_Tue_Wed_Thu_Fri_Sat'),
('5081', 'WN', 'Sun_Mon_Tue_Wed_Thu_Fri_Sat'),
('5085', 'AA', 'Mon_Wed_Thu_Fri'),
('5090', 'WN', 'Sun_Mon_Tue_Wed_Thu_Fri_Sat'),
('5093', 'DL', 'Sun_Mon_Tue_Wed_Thu_Fri_Sat'),
('5097', 'WN', 'Sun_Mon_Tue_Wed_Thu_Fri_Sat'),
('5101', 'DL', 'Mon_Wed_Thu_Fri'),
('5106', 'DL', 'Sun_Mon_Tue_Wed_Thu_Fri_Sat'),
('5108', 'WN', 'Sun_Mon_Tue_Wed_Thu_Fri_Sat'),
('5110', 'US', 'Sun_Mon_Tue_Wed_Thu_Fri_Sat'),
('5116', 'US', 'Mon_Wed_Thu_Fri'),
('5117', 'UA', 'Mon_Wed_Thu_Fri'),
('5118', 'DL', 'Sun_Mon_Tue_Wed_Thu_Fri_Sat'),
('5127', 'AA', 'Mon_Wed_Thu_Fri'),
('513', 'US', 'Sun_Mon_Tue_Wed_Thu_Fri_Sat'),
('5130', 'B6', 'Sun_Mon_Tue_Wed_Thu_Fri_Sat'),
('5135', 'US', 'Mon_Wed_Thu_Fri'),
('5136', 'US', 'Sun_Mon_Tue_Wed_Thu_Fri_Sat'),
('5137', 'UA', 'Sun_Mon_Tue_Wed_Thu_Fri_Sat'),
('5139', 'US', 'Sun_Mon_Tue_Wed_Thu_Fri_Sat'),
('5141', 'WN', 'Sun_Mon_Tue_Wed_Thu_Fri_Sat'),
('5144', 'AA', 'Sun_Mon_Tue_Wed_Thu_Fri_Sat'),
('5147', 'US', 'Mon_Wed_Thu_Fri'),
('5148', 'UA', 'Mon_Wed_Thu_Fri'),
('5150', 'WN', 'Mon_Wed_Thu_Fri'),
('5151', 'DL', 'Sun_Mon_Tue_Wed_Thu_Fri_Sat'),
('5158', 'WN', 'Sun_Mon_Tue_Wed_Thu_Fri_Sat'),
('5160', 'AA', 'Sun_Mon_Tue_Wed_Thu_Fri_Sat'),
('5161', 'WN', 'Sun_Mon_Tue_Wed_Thu_Fri_Sat'),
('5165', 'DL', 'Mon_Wed_Thu_Fri'),
('5166', 'US', 'Sun_Mon_Tue_Wed_Thu_Fri_Sat'),
('5167', 'WN', 'Sun_Mon_Tue_Wed_Thu_Fri_Sat'),
('5169', 'AA', 'Sun_Mon_Tue_Wed_Thu_Fri_Sat'),
('5171', 'AA', 'Mon_Wed_Thu_Fri'),
('5172', 'UA', 'Sun_Mon_Tue_Wed_Thu_Fri_Sat'),
('5174', 'UA', 'Sun_Mon_Tue_Wed_Thu_Fri_Sat'),
('5176', 'AA', 'Mon_Wed_Thu_Fri'),
('5177', 'UA', 'Sun_Mon_Tue_Wed_Thu_Fri_Sat'),
('5180', 'AA', 'Mon_Wed_Thu_Fri'),
('5181', 'WN', 'Sun_Mon_Tue_Wed_Thu_Fri_Sat'),
('5187', 'AA', 'Mon_Wed_Thu_Fri'),
('519', 'AA', 'Sun_Mon_Tue_Wed_Thu_Fri_Sat'),
('5191', 'AA', 'Sun_Mon_Tue_Wed_Thu_Fri_Sat'),
('5197', 'DL', 'Sun_Mon_Tue_Wed_Thu_Fri_Sat'),
('5201', 'WN', 'Mon_Wed_Thu_Fri'),
('5205', 'AA', 'Sun_Mon_Tue_Wed_Thu_Fri_Sat'),
('5206', 'DL', 'Mon_Wed_Thu_Fri'),
('5208', 'US', 'Mon_Wed_Thu_Fri'),
('5210', 'WN', 'Sun_Mon_Tue_Wed_Thu_Fri_Sat'),
('5212', 'WN', 'Sun_Mon_Tue_Wed_Thu_Fri_Sat'),
('5219', 'B6', 'Sun_Mon_Tue_Wed_Thu_Fri_Sat'),
('5222', 'AA', 'Sun_Mon_Tue_Wed_Thu_Fri_Sat'),
('5227', 'WN', 'Mon_Wed_Thu_Fri'),
('5234', 'AA', 'Mon_Wed_Thu_Fri'),
('5235', 'UA', 'Sun_Mon_Tue_Wed_Thu_Fri_Sat'),
('5236', 'DL', 'Mon_Wed_Thu_Fri'),
('5239', 'AA', 'Mon_Wed_Thu_Fri'),
('524', 'AA', 'Sun_Mon_Tue_Wed_Thu_Fri_Sat'),
('5240', 'DL', 'Sun_Mon_Tue_Wed_Thu_Fri_Sat'),
('5245', 'US', 'Sun_Mon_Tue_Wed_Thu_Fri_Sat'),
('5247', 'DL', 'Sun_Mon_Tue_Wed_Thu_Fri_Sat'),
('5248', 'US', 'Sun_Mon_Tue_Wed_Thu_Fri_Sat'),
('525', 'WN', 'Sun_Mon_Tue_Wed_Thu_Fri_Sat'),
('5251', 'AA', 'Sun_Mon_Tue_Wed_Thu_Fri_Sat'),
('5252', 'WN', 'Sun_Mon_Tue_Wed_Thu_Fri_Sat'),
('5254', 'AA', 'Mon_Wed_Thu_Fri'),
('5262', 'WN', 'Sun_Mon_Tue_Wed_Thu_Fri_Sat'),
('5269', 'B6', 'Sun_Mon_Tue_Wed_Thu_Fri_Sat'),
('527', 'WN', 'Mon_Wed_Thu_Fri'),
('5273', 'UA', 'Sun_Mon_Tue_Wed_Thu_Fri_Sat'),
('528', 'US', 'Sun_Mon_Tue_Wed_Thu_Fri_Sat'),
('5281', 'WN', 'Sun_Mon_Tue_Wed_Thu_Fri_Sat'),
('5284', 'AA', 'Mon_Wed_Thu_Fri'),
('529', 'UA', 'Sun_Mon_Tue_Wed_Thu_Fri_Sat'),
('5290', 'US', 'Mon_Wed_Thu_Fri'),
('5291', 'US', 'Mon_Wed_Thu_Fri'),
('5299', 'AA', 'Sun_Mon_Tue_Wed_Thu_Fri_Sat'),
('53', 'AA', 'Mon_Wed_Thu_Fri'),
('530', 'US', 'Sun_Mon_Tue_Wed_Thu_Fri_Sat'),
('5301', 'AA', 'Sun_Mon_Tue_Wed_Thu_Fri_Sat'),
('5302', 'AA', 'Sun_Mon_Tue_Wed_Thu_Fri_Sat'),
('5304', 'UA', 'Sun_Mon_Tue_Wed_Thu_Fri_Sat'),
('5306', 'AA', 'Mon_Wed_Thu_Fri'),
('5307', 'WN', 'Sun_Mon_Tue_Wed_Thu_Fri_Sat'),
('5308', 'AA', 'Sun_Mon_Tue_Wed_Thu_Fri_Sat'),
('5309', 'DL', 'Sun_Mon_Tue_Wed_Thu_Fri_Sat'),
('5310', 'B6', 'Sun_Mon_Tue_Wed_Thu_Fri_Sat'),
('5324', 'US', 'Sun_Mon_Tue_Wed_Thu_Fri_Sat'),
('5325', 'AA', 'Sun_Mon_Tue_Wed_Thu_Fri_Sat'),
('533', 'WN', 'Sun_Mon_Tue_Wed_Thu_Fri_Sat'),
('5330', 'US', 'Sun_Mon_Tue_Wed_Thu_Fri_Sat'),
('5332', 'US', 'Sun_Mon_Tue_Wed_Thu_Fri_Sat'),
('5338', 'WN', 'Sun_Mon_Tue_Wed_Thu_Fri_Sat'),
('5343', 'US', 'Mon_Wed_Thu_Fri'),
('5344', 'WN', 'Sun_Mon_Tue_Wed_Thu_Fri_Sat'),
('5345', 'WN', 'Sun_Mon_Tue_Wed_Thu_Fri_Sat'),
('5348', 'DL', 'Sun_Mon_Tue_Wed_Thu_Fri_Sat'),
('5351', 'UA', 'Mon_Wed_Thu_Fri'),
('5352', 'AA', 'Sun_Mon_Tue_Wed_Thu_Fri_Sat'),
('5353', 'DL', 'Sun_Mon_Tue_Wed_Thu_Fri_Sat'),
('5356', 'UA', 'Sun_Mon_Tue_Wed_Thu_Fri_Sat'),
('5357', 'US', 'Sun_Mon_Tue_Wed_Thu_Fri_Sat'),
('5358', 'AA', 'Sun_Mon_Tue_Wed_Thu_Fri_Sat'),
('536', 'AA', 'Sun_Mon_Tue_Wed_Thu_Fri_Sat'),
('5360', 'AA', 'Sun_Mon_Tue_Wed_Thu_Fri_Sat'),
('5361', 'US', 'Mon_Wed_Thu_Fri'),
('5363', 'B6', 'Mon_Wed_Thu_Fri'),
('5364', 'AA', 'Sun_Mon_Tue_Wed_Thu_Fri_Sat'),
('5365', 'UA', 'Mon_Wed_Thu_Fri'),
('5367', 'US', 'Sun_Mon_Tue_Wed_Thu_Fri_Sat'),
('5374', 'US', 'Sun_Mon_Tue_Wed_Thu_Fri_Sat'),
('5375', 'US', 'Sun_Mon_Tue_Wed_Thu_Fri_Sat'),
('5377', 'UA', 'Sun_Mon_Tue_Wed_Thu_Fri_Sat'),
('5379', 'AA', 'Sun_Mon_Tue_Wed_Thu_Fri_Sat'),
('538', 'US', 'Sun_Mon_Tue_Wed_Thu_Fri_Sat'),
('539', 'B6', 'Sun_Mon_Tue_Wed_Thu_Fri_Sat'),
('5392', 'US', 'Sun_Mon_Tue_Wed_Thu_Fri_Sat'),
('5394', 'B6', 'Mon_Wed_Thu_Fri'),
('5395', 'AA', 'Mon_Wed_Thu_Fri'),
('5396', 'B6', 'Sun_Mon_Tue_Wed_Thu_Fri_Sat'),
('5398', 'AA', 'Sun_Mon_Tue_Wed_Thu_Fri_Sat'),
('5403', 'US', 'Mon_Wed_Thu_Fri'),
('5409', 'WN', 'Sun_Mon_Tue_Wed_Thu_Fri_Sat'),
('5410', 'UA', 'Sun_Mon_Tue_Wed_Thu_Fri_Sat'),
('5412', 'WN', 'Sun_Mon_Tue_Wed_Thu_Fri_Sat'),
('5413', 'WN', 'Sun_Mon_Tue_Wed_Thu_Fri_Sat'),
('5414', 'US', 'Mon_Wed_Thu_Fri'),
('5417', 'AA', 'Sun_Mon_Tue_Wed_Thu_Fri_Sat'),
('5419', 'US', 'Sun_Mon_Tue_Wed_Thu_Fri_Sat'),
('5421', 'UA', 'Sun_Mon_Tue_Wed_Thu_Fri_Sat'),
('5422', 'DL', 'Mon_Wed_Thu_Fri'),
('5425', 'WN', 'Sun_Mon_Tue_Wed_Thu_Fri_Sat'),
('5431', 'AA', 'Mon_Wed_Thu_Fri'),
('5433', 'AA', 'Sun_Mon_Tue_Wed_Thu_Fri_Sat'),
('5435', 'DL', 'Sun_Mon_Tue_Wed_Thu_Fri_Sat'),
('5438', 'WN', 'Sun_Mon_Tue_Wed_Thu_Fri_Sat'),
('5439', 'DL', 'Sun_Mon_Tue_Wed_Thu_Fri_Sat'),
('5444', 'AA', 'Sun_Mon_Tue_Wed_Thu_Fri_Sat'),
('5448', 'DL', 'Sun_Mon_Tue_Wed_Thu_Fri_Sat'),
('5450', 'UA', 'Mon_Wed_Thu_Fri'),
('5453', 'B6', 'Sun_Mon_Tue_Wed_Thu_Fri_Sat'),
('5456', 'UA', 'Sun_Mon_Tue_Wed_Thu_Fri_Sat'),
('5457', 'AA', 'Sun_Mon_Tue_Wed_Thu_Fri_Sat'),
('5461', 'WN', 'Mon_Wed_Thu_Fri'),
('5462', 'AA', 'Sun_Mon_Tue_Wed_Thu_Fri_Sat'),
('5468', 'AA', 'Sun_Mon_Tue_Wed_Thu_Fri_Sat'),
('5469', 'DL', 'Sun_Mon_Tue_Wed_Thu_Fri_Sat'),
('5471', 'WN', 'Mon_Wed_Thu_Fri'),
('5473', 'AA', 'Sun_Mon_Tue_Wed_Thu_Fri_Sat'),
('5477', 'DL', 'Sun_Mon_Tue_Wed_Thu_Fri_Sat'),
('5481', 'US', 'Sun_Mon_Tue_Wed_Thu_Fri_Sat'),
('5483', 'UA', 'Sun_Mon_Tue_Wed_Thu_Fri_Sat'),
('5484', 'B6', 'Sun_Mon_Tue_Wed_Thu_Fri_Sat'),
('5485', 'WN', 'Mon_Wed_Thu_Fri'),
('5489', 'US', 'Sun_Mon_Tue_Wed_Thu_Fri_Sat'),
('5496', 'AA', 'Mon_Wed_Thu_Fri'),
('5497', 'US', 'Mon_Wed_Thu_Fri'),
('5498', 'AA', 'Sun_Mon_Tue_Wed_Thu_Fri_Sat'),
('5499', 'DL', 'Mon_Wed_Thu_Fri'),
('5504', 'UA', 'Sun_Mon_Tue_Wed_Thu_Fri_Sat'),
('5511', 'AA', 'Mon_Wed_Thu_Fri'),
('5512', 'AA', 'Sun_Mon_Tue_Wed_Thu_Fri_Sat'),
('5514', 'AA', 'Mon_Wed_Thu_Fri'),
('5515', 'US', 'Sun_Mon_Tue_Wed_Thu_Fri_Sat'),
('5517', 'B6', 'Sun_Mon_Tue_Wed_Thu_Fri_Sat'),
('552', 'WN', 'Sun_Mon_Tue_Wed_Thu_Fri_Sat'),
('5522', 'US', 'Sun_Mon_Tue_Wed_Thu_Fri_Sat'),
('5523', 'WN', 'Sun_Mon_Tue_Wed_Thu_Fri_Sat'),
('5525', 'US', 'Sun_Mon_Tue_Wed_Thu_Fri_Sat'),
('553', 'US', 'Mon_Wed_Thu_Fri'),
('5531', 'AA', 'Sun_Mon_Tue_Wed_Thu_Fri_Sat'),
('5536', 'AA', 'Sun_Mon_Tue_Wed_Thu_Fri_Sat'),
('5537', 'UA', 'Sun_Mon_Tue_Wed_Thu_Fri_Sat'),
('5538', 'B6', 'Sun_Mon_Tue_Wed_Thu_Fri_Sat'),
('5544', 'US', 'Sun_Mon_Tue_Wed_Thu_Fri_Sat'),
('5545', 'B6', 'Sun_Mon_Tue_Wed_Thu_Fri_Sat'),
('5555', 'US', 'Mon_Wed_Thu_Fri'),
('5557', 'US', 'Sun_Mon_Tue_Wed_Thu_Fri_Sat'),
('5572', 'AA', 'Mon_Wed_Thu_Fri'),
('5578', 'AA', 'Sun_Mon_Tue_Wed_Thu_Fri_Sat'),
('5579', 'WN', 'Sun_Mon_Tue_Wed_Thu_Fri_Sat'),
('5584', 'WN', 'Sun_Mon_Tue_Wed_Thu_Fri_Sat'),
('5585', 'DL', 'Sun_Mon_Tue_Wed_Thu_Fri_Sat'),
('5591', 'DL', 'Sun_Mon_Tue_Wed_Thu_Fri_Sat'),
('5594', 'DL', 'Mon_Wed_Thu_Fri'),
('5595', 'US', 'Sun_Mon_Tue_Wed_Thu_Fri_Sat'),
('5597', 'AA', 'Mon_Wed_Thu_Fri'),
('560', 'WN', 'Sun_Mon_Tue_Wed_Thu_Fri_Sat'),
('5600', 'AA', 'Mon_Wed_Thu_Fri'),
('5601', 'AA', 'Sun_Mon_Tue_Wed_Thu_Fri_Sat'),
('5605', 'UA', 'Sun_Mon_Tue_Wed_Thu_Fri_Sat'),
('561', 'UA', 'Sun_Mon_Tue_Wed_Thu_Fri_Sat'),
('5619', 'DL', 'Mon_Wed_Thu_Fri'),
('5621', 'AA', 'Mon_Wed_Thu_Fri'),
('5623', 'UA', 'Mon_Wed_Thu_Fri'),
('5625', 'AA', 'Sun_Mon_Tue_Wed_Thu_Fri_Sat'),
('5628', 'UA', 'Mon_Wed_Thu_Fri'),
('563', 'US', 'Mon_Wed_Thu_Fri'),
('5632', 'UA', 'Sun_Mon_Tue_Wed_Thu_Fri_Sat'),
('5635', 'DL', 'Mon_Wed_Thu_Fri'),
('564', 'AA', 'Sun_Mon_Tue_Wed_Thu_Fri_Sat'),
('5642', 'DL', 'Sun_Mon_Tue_Wed_Thu_Fri_Sat'),
('5643', 'WN', 'Sun_Mon_Tue_Wed_Thu_Fri_Sat'),
('5646', 'US', 'Sun_Mon_Tue_Wed_Thu_Fri_Sat'),
('5647', 'AA', 'Mon_Wed_Thu_Fri'),
('5649', 'AA', 'Mon_Wed_Thu_Fri'),
('5651', 'DL', 'Sun_Mon_Tue_Wed_Thu_Fri_Sat'),
('5652', 'AA', 'Sun_Mon_Tue_Wed_Thu_Fri_Sat'),
('5653', 'WN', 'Sun_Mon_Tue_Wed_Thu_Fri_Sat'),
('5655', 'US', 'Sun_Mon_Tue_Wed_Thu_Fri_Sat'),
('5657', 'AA', 'Sun_Mon_Tue_Wed_Thu_Fri_Sat'),
('5660', 'DL', 'Sun_Mon_Tue_Wed_Thu_Fri_Sat'),
('5662', 'UA', 'Sun_Mon_Tue_Wed_Thu_Fri_Sat'),
('567', 'US', 'Sun_Mon_Tue_Wed_Thu_Fri_Sat'),
('5677', 'DL', 'Sun_Mon_Tue_Wed_Thu_Fri_Sat'),
('5682', 'US', 'Sun_Mon_Tue_Wed_Thu_Fri_Sat'),
('5685', 'US', 'Mon_Wed_Thu_Fri'),
('5687', 'US', 'Mon_Wed_Thu_Fri'),
('5688', 'AA', 'Mon_Wed_Thu_Fri'),
('5690', 'US', 'Sun_Mon_Tue_Wed_Thu_Fri_Sat'),
('5699', 'DL', 'Sun_Mon_Tue_Wed_Thu_Fri_Sat'),
('570', 'WN', 'Sun_Mon_Tue_Wed_Thu_Fri_Sat'),
('5700', 'UA', 'Mon_Wed_Thu_Fri'),
('5704', 'AA', 'Sun_Mon_Tue_Wed_Thu_Fri_Sat'),
('571', 'UA', 'Sun_Mon_Tue_Wed_Thu_Fri_Sat'),
('5711', 'UA', 'Sun_Mon_Tue_Wed_Thu_Fri_Sat'),
('5713', 'AA', 'Sun_Mon_Tue_Wed_Thu_Fri_Sat'),
('5715', 'WN', 'Mon_Wed_Thu_Fri'),
('5718', 'UA', 'Mon_Wed_Thu_Fri'),
('5723', 'WN', 'Sun_Mon_Tue_Wed_Thu_Fri_Sat'),
('5725', 'DL', 'Mon_Wed_Thu_Fri'),
('5731', 'US', 'Mon_Wed_Thu_Fri'),
('5733', 'WN', 'Sun_Mon_Tue_Wed_Thu_Fri_Sat'),
('5735', 'UA', 'Sun_Mon_Tue_Wed_Thu_Fri_Sat'),
('5737', 'WN', 'Mon_Wed_Thu_Fri'),
('574', 'DL', 'Sun_Mon_Tue_Wed_Thu_Fri_Sat'),
('5741', 'UA', 'Sun_Mon_Tue_Wed_Thu_Fri_Sat'),
('5746', 'DL', 'Sun_Mon_Tue_Wed_Thu_Fri_Sat'),
('5748', 'WN', 'Mon_Wed_Thu_Fri'),
('575', 'AA', 'Mon_Wed_Thu_Fri'),
('5751', 'US', 'Mon_Wed_Thu_Fri'),
('5753', 'WN', 'Sun_Mon_Tue_Wed_Thu_Fri_Sat'),
('5754', 'AA', 'Sun_Mon_Tue_Wed_Thu_Fri_Sat'),
('5755', 'WN', 'Sun_Mon_Tue_Wed_Thu_Fri_Sat'),
('5759', 'B6', 'Mon_Wed_Thu_Fri'),
('5760', 'WN', 'Mon_Wed_Thu_Fri'),
('5764', 'WN', 'Sun_Mon_Tue_Wed_Thu_Fri_Sat'),
('5770', 'US', 'Sun_Mon_Tue_Wed_Thu_Fri_Sat'),
('5772', 'WN', 'Sun_Mon_Tue_Wed_Thu_Fri_Sat'),
('5775', 'AA', 'Sun_Mon_Tue_Wed_Thu_Fri_Sat'),
('5776', 'WN', 'Sun_Mon_Tue_Wed_Thu_Fri_Sat'),
('5779', 'AA', 'Sun_Mon_Tue_Wed_Thu_Fri_Sat'),
('5783', 'US', 'Mon_Wed_Thu_Fri'),
('579', 'US', 'Mon_Wed_Thu_Fri'),
('58', 'US', 'Sun_Mon_Tue_Wed_Thu_Fri_Sat'),
('5800', 'US', 'Mon_Wed_Thu_Fri'),
('5802', 'US', 'Sun_Mon_Tue_Wed_Thu_Fri_Sat'),
('5803', 'US', 'Sun_Mon_Tue_Wed_Thu_Fri_Sat'),
('5807', 'WN', 'Sun_Mon_Tue_Wed_Thu_Fri_Sat'),
('5811', 'US', 'Mon_Wed_Thu_Fri'),
('5812', 'US', 'Sun_Mon_Tue_Wed_Thu_Fri_Sat'),
('5817', 'AA', 'Sun_Mon_Tue_Wed_Thu_Fri_Sat'),
('5818', 'US', 'Sun_Mon_Tue_Wed_Thu_Fri_Sat'),
('5820', 'US', 'Sun_Mon_Tue_Wed_Thu_Fri_Sat'),
('5821', 'US', 'Sun_Mon_Tue_Wed_Thu_Fri_Sat'),
('5823', 'AA', 'Sun_Mon_Tue_Wed_Thu_Fri_Sat'),
('5826', 'DL', 'Sun_Mon_Tue_Wed_Thu_Fri_Sat'),
('5827', 'B6', 'Mon_Wed_Thu_Fri'),
('5830', 'DL', 'Sun_Mon_Tue_Wed_Thu_Fri_Sat'),
('5832', 'AA', 'Sun_Mon_Tue_Wed_Thu_Fri_Sat'),
('5834', 'DL', 'Sun_Mon_Tue_Wed_Thu_Fri_Sat'),
('5841', 'WN', 'Mon_Wed_Thu_Fri'),
('5850', 'AA', 'Sun_Mon_Tue_Wed_Thu_Fri_Sat'),
('5851', 'WN', 'Mon_Wed_Thu_Fri'),
('5852', 'US', 'Sun_Mon_Tue_Wed_Thu_Fri_Sat'),
('5855', 'UA', 'Sun_Mon_Tue_Wed_Thu_Fri_Sat'),
('5856', 'B6', 'Sun_Mon_Tue_Wed_Thu_Fri_Sat'),
('5857', 'B6', 'Sun_Mon_Tue_Wed_Thu_Fri_Sat'),
('5865', 'WN', 'Sun_Mon_Tue_Wed_Thu_Fri_Sat'),
('5869', 'WN', 'Mon_Wed_Thu_Fri'),
('5870', 'AA', 'Mon_Wed_Thu_Fri'),
('5871', 'UA', 'Mon_Wed_Thu_Fri'),
('5872', 'B6', 'Sun_Mon_Tue_Wed_Thu_Fri_Sat'),
('5873', 'DL', 'Sun_Mon_Tue_Wed_Thu_Fri_Sat'),
('5875', 'DL', 'Sun_Mon_Tue_Wed_Thu_Fri_Sat'),
('5880', 'US', 'Sun_Mon_Tue_Wed_Thu_Fri_Sat'),
('5881', 'WN', 'Sun_Mon_Tue_Wed_Thu_Fri_Sat'),
('5882', 'US', 'Mon_Wed_Thu_Fri'),
('5883', 'US', 'Mon_Wed_Thu_Fri'),
('5884', 'DL', 'Sun_Mon_Tue_Wed_Thu_Fri_Sat'),
('5888', 'AA', 'Sun_Mon_Tue_Wed_Thu_Fri_Sat'),
('589', 'US', 'Mon_Wed_Thu_Fri'),
('5890', 'WN', 'Mon_Wed_Thu_Fri'),
('5892', 'US', 'Sun_Mon_Tue_Wed_Thu_Fri_Sat'),
('5896', 'US', 'Sun_Mon_Tue_Wed_Thu_Fri_Sat'),
('5898', 'AA', 'Sun_Mon_Tue_Wed_Thu_Fri_Sat'),
('59', 'AA', 'Sun_Mon_Tue_Wed_Thu_Fri_Sat'),
('590', 'AA', 'Sun_Mon_Tue_Wed_Thu_Fri_Sat'),
('5900', 'UA', 'Sun_Mon_Tue_Wed_Thu_Fri_Sat'),
('5906', 'DL', 'Sun_Mon_Tue_Wed_Thu_Fri_Sat'),
('5907', 'UA', 'Sun_Mon_Tue_Wed_Thu_Fri_Sat'),
('5910', 'AA', 'Sun_Mon_Tue_Wed_Thu_Fri_Sat'),
('5911', 'WN', 'Sun_Mon_Tue_Wed_Thu_Fri_Sat'),
('5912', 'US', 'Mon_Wed_Thu_Fri'),
('5913', 'US', 'Sun_Mon_Tue_Wed_Thu_Fri_Sat'),
('5914', 'DL', 'Sun_Mon_Tue_Wed_Thu_Fri_Sat'),
('5916', 'UA', 'Mon_Wed_Thu_Fri'),
('5917', 'UA', 'Sun_Mon_Tue_Wed_Thu_Fri_Sat'),
('5918', 'US', 'Mon_Wed_Thu_Fri'),
('592', 'AA', 'Sun_Mon_Tue_Wed_Thu_Fri_Sat'),
('5925', 'UA', 'Sun_Mon_Tue_Wed_Thu_Fri_Sat'),
('5926', 'UA', 'Sun_Mon_Tue_Wed_Thu_Fri_Sat'),
('5930', 'AA', 'Mon_Wed_Thu_Fri'),
('5932', 'WN', 'Sun_Mon_Tue_Wed_Thu_Fri_Sat'),
('5939', 'WN', 'Sun_Mon_Tue_Wed_Thu_Fri_Sat'),
('5940', 'UA', 'Sun_Mon_Tue_Wed_Thu_Fri_Sat'),
('5946', 'US', 'Mon_Wed_Thu_Fri'),
('5948', 'US', 'Mon_Wed_Thu_Fri'),
('5950', 'DL', 'Sun_Mon_Tue_Wed_Thu_Fri_Sat'),
('5951', 'UA', 'Mon_Wed_Thu_Fri'),
('5953', 'US', 'Sun_Mon_Tue_Wed_Thu_Fri_Sat'),
('5954', 'AA', 'Mon_Wed_Thu_Fri'),
('5956', 'DL', 'Sun_Mon_Tue_Wed_Thu_Fri_Sat'),
('5959', 'WN', 'Sun_Mon_Tue_Wed_Thu_Fri_Sat'),
('596', 'AA', 'Sun_Mon_Tue_Wed_Thu_Fri_Sat'),
('5963', 'US', 'Mon_Wed_Thu_Fri'),
('5966', 'DL', 'Sun_Mon_Tue_Wed_Thu_Fri_Sat'),
('5967', 'AA', 'Sun_Mon_Tue_Wed_Thu_Fri_Sat'),
('598', 'US', 'Sun_Mon_Tue_Wed_Thu_Fri_Sat'),
('5982', 'AA', 'Sun_Mon_Tue_Wed_Thu_Fri_Sat'),
('5983', 'DL', 'Mon_Wed_Thu_Fri'),
('5984', 'DL', 'Sun_Mon_Tue_Wed_Thu_Fri_Sat'),
('5995', 'AA', 'Mon_Wed_Thu_Fri'),
('600', 'UA', 'Mon_Wed_Thu_Fri'),
('6002', 'US', 'Mon_Wed_Thu_Fri'),
('601', 'AA', 'Mon_Wed_Thu_Fri'),
('6011', 'AA', 'Sun_Mon_Tue_Wed_Thu_Fri_Sat'),
('6012', 'AA', 'Mon_Wed_Thu_Fri'),
('6014', 'US', 'Sun_Mon_Tue_Wed_Thu_Fri_Sat'),
('6015', 'WN', 'Sun_Mon_Tue_Wed_Thu_Fri_Sat'),
('6017', 'US', 'Sun_Mon_Tue_Wed_Thu_Fri_Sat'),
('602', 'UA', 'Sun_Mon_Tue_Wed_Thu_Fri_Sat'),
('6022', 'B6', 'Sun_Mon_Tue_Wed_Thu_Fri_Sat'),
('6023', 'AA', 'Sun_Mon_Tue_Wed_Thu_Fri_Sat'),
('6025', 'US', 'Sun_Mon_Tue_Wed_Thu_Fri_Sat'),
('6033', 'DL', 'Mon_Wed_Thu_Fri'),
('6037', 'UA', 'Mon_Wed_Thu_Fri'),
('6038', 'AA', 'Sun_Mon_Tue_Wed_Thu_Fri_Sat'),
('6041', 'UA', 'Sun_Mon_Tue_Wed_Thu_Fri_Sat'),
('6042', 'AA', 'Sun_Mon_Tue_Wed_Thu_Fri_Sat'),
('6050', 'UA', 'Sun_Mon_Tue_Wed_Thu_Fri_Sat'),
('6052', 'US', 'Sun_Mon_Tue_Wed_Thu_Fri_Sat'),
('6053', 'WN', 'Sun_Mon_Tue_Wed_Thu_Fri_Sat'),
('6058', 'AA', 'Sun_Mon_Tue_Wed_Thu_Fri_Sat'),
('6060', 'US', 'Sun_Mon_Tue_Wed_Thu_Fri_Sat'),
('6062', 'AA', 'Sun_Mon_Tue_Wed_Thu_Fri_Sat'),
('6064', 'US', 'Mon_Wed_Thu_Fri'),
('6080', 'US', 'Mon_Wed_Thu_Fri'),
('6081', 'B6', 'Mon_Wed_Thu_Fri'),
('6082', 'AA', 'Sun_Mon_Tue_Wed_Thu_Fri_Sat'),
('6085', 'DL', 'Sun_Mon_Tue_Wed_Thu_Fri_Sat'),
('6086', 'US', 'Mon_Wed_Thu_Fri'),
('6088', 'DL', 'Sun_Mon_Tue_Wed_Thu_Fri_Sat'),
('6089', 'AA', 'Sun_Mon_Tue_Wed_Thu_Fri_Sat'),
('609', 'WN', 'Mon_Wed_Thu_Fri'),
('6090', 'UA', 'Sun_Mon_Tue_Wed_Thu_Fri_Sat'),
('6091', 'US', 'Mon_Wed_Thu_Fri'),
('6092', 'B6', 'Sun_Mon_Tue_Wed_Thu_Fri_Sat'),
('6093', 'UA', 'Mon_Wed_Thu_Fri'),
('6096', 'B6', 'Sun_Mon_Tue_Wed_Thu_Fri_Sat'),
('6098', 'US', 'Sun_Mon_Tue_Wed_Thu_Fri_Sat'),
('6101', 'B6', 'Mon_Wed_Thu_Fri'),
('6102', 'US', 'Mon_Wed_Thu_Fri'),
('6104', 'DL', 'Mon_Wed_Thu_Fri'),
('6107', 'WN', 'Sun_Mon_Tue_Wed_Thu_Fri_Sat'),
('6108', 'UA', 'Sun_Mon_Tue_Wed_Thu_Fri_Sat'),
('6109', 'WN', 'Sun_Mon_Tue_Wed_Thu_Fri_Sat'),
('6115', 'DL', 'Mon_Wed_Thu_Fri'),
('6119', 'UA', 'Sun_Mon_Tue_Wed_Thu_Fri_Sat'),
('6129', 'AA', 'Mon_Wed_Thu_Fri'),
('613', 'AA', 'Mon_Wed_Thu_Fri'),
('6134', 'AA', 'Sun_Mon_Tue_Wed_Thu_Fri_Sat'),
('6135', 'WN', 'Mon_Wed_Thu_Fri'),
('6139', 'B6', 'Sun_Mon_Tue_Wed_Thu_Fri_Sat'),
('6141', 'WN', 'Sun_Mon_Tue_Wed_Thu_Fri_Sat'),
('6142', 'AA', 'Sun_Mon_Tue_Wed_Thu_Fri_Sat'),
('6146', 'AA', 'Sun_Mon_Tue_Wed_Thu_Fri_Sat'),
('6147', 'UA', 'Sun_Mon_Tue_Wed_Thu_Fri_Sat'),
('6149', 'DL', 'Sun_Mon_Tue_Wed_Thu_Fri_Sat'),
('6150', 'DL', 'Mon_Wed_Thu_Fri'),
('6151', 'DL', 'Sun_Mon_Tue_Wed_Thu_Fri_Sat'),
('6155', 'DL', 'Sun_Mon_Tue_Wed_Thu_Fri_Sat'),
('616', 'US', 'Sun_Mon_Tue_Wed_Thu_Fri_Sat'),
('6160', 'WN', 'Mon_Wed_Thu_Fri'),
('6162', 'US', 'Sun_Mon_Tue_Wed_Thu_Fri_Sat'),
('6165', 'DL', 'Sun_Mon_Tue_Wed_Thu_Fri_Sat'),
('6167', 'DL', 'Sun_Mon_Tue_Wed_Thu_Fri_Sat'),
('6168', 'US', 'Sun_Mon_Tue_Wed_Thu_Fri_Sat'),
('617', 'US', 'Mon_Wed_Thu_Fri'),
('6170', 'US', 'Sun_Mon_Tue_Wed_Thu_Fri_Sat'),
('6172', 'WN', 'Sun_Mon_Tue_Wed_Thu_Fri_Sat'),
('6181', 'B6', 'Mon_Wed_Thu_Fri'),
('6183', 'AA', 'Sun_Mon_Tue_Wed_Thu_Fri_Sat'),
('6189', 'DL', 'Sun_Mon_Tue_Wed_Thu_Fri_Sat'),
('619', 'WN', 'Sun_Mon_Tue_Wed_Thu_Fri_Sat'),
('6190', 'AA', 'Sun_Mon_Tue_Wed_Thu_Fri_Sat'),
('6193', 'US', 'Mon_Wed_Thu_Fri'),
('6195', 'US', 'Mon_Wed_Thu_Fri'),
('6197', 'US', 'Sun_Mon_Tue_Wed_Thu_Fri_Sat'),
('62', 'AA', 'Mon_Wed_Thu_Fri'),
('6204', 'WN', 'Sun_Mon_Tue_Wed_Thu_Fri_Sat'),
('6207', 'DL', 'Mon_Wed_Thu_Fri'),
('6216', 'US', 'Mon_Wed_Thu_Fri'),
('6217', 'WN', 'Sun_Mon_Tue_Wed_Thu_Fri_Sat'),
('622', 'US', 'Sun_Mon_Tue_Wed_Thu_Fri_Sat'),
('6221', 'AA', 'Sun_Mon_Tue_Wed_Thu_Fri_Sat'),
('6222', 'US', 'Sun_Mon_Tue_Wed_Thu_Fri_Sat'),
('6225', 'DL', 'Sun_Mon_Tue_Wed_Thu_Fri_Sat'),
('6227', 'US', 'Sun_Mon_Tue_Wed_Thu_Fri_Sat'),
('6228', 'WN', 'Sun_Mon_Tue_Wed_Thu_Fri_Sat'),
('623', 'US', 'Mon_Wed_Thu_Fri'),
('6230', 'DL', 'Mon_Wed_Thu_Fri'),
('6237', 'US', 'Sun_Mon_Tue_Wed_Thu_Fri_Sat'),
('6248', 'WN', 'Mon_Wed_Thu_Fri'),
('6249', 'DL', 'Sun_Mon_Tue_Wed_Thu_Fri_Sat'),
('6250', 'UA', 'Mon_Wed_Thu_Fri'),
('6251', 'AA', 'Sun_Mon_Tue_Wed_Thu_Fri_Sat'),
('6253', 'WN', 'Sun_Mon_Tue_Wed_Thu_Fri_Sat'),
('6254', 'UA', 'Mon_Wed_Thu_Fri'),
('6256', 'AA', 'Mon_Wed_Thu_Fri'),
('6258', 'US', 'Sun_Mon_Tue_Wed_Thu_Fri_Sat'),
('6259', 'AA', 'Mon_Wed_Thu_Fri'),
('626', 'US', 'Sun_Mon_Tue_Wed_Thu_Fri_Sat'),
('6266', 'UA', 'Mon_Wed_Thu_Fri'),
('6267', 'AA', 'Mon_Wed_Thu_Fri'),
('6268', 'AA', 'Mon_Wed_Thu_Fri'),
('6270', 'AA', 'Mon_Wed_Thu_Fri'),
('6271', 'UA', 'Mon_Wed_Thu_Fri'),
('6272', 'US', 'Sun_Mon_Tue_Wed_Thu_Fri_Sat'),
('6273', 'AA', 'Sun_Mon_Tue_Wed_Thu_Fri_Sat'),
('6274', 'B6', 'Sun_Mon_Tue_Wed_Thu_Fri_Sat'),
('628', 'US', 'Sun_Mon_Tue_Wed_Thu_Fri_Sat'),
('6284', 'AA', 'Sun_Mon_Tue_Wed_Thu_Fri_Sat'),
('6288', 'US', 'Mon_Wed_Thu_Fri'),
('63', 'AA', 'Sun_Mon_Tue_Wed_Thu_Fri_Sat'),
('6309', 'US', 'Sun_Mon_Tue_Wed_Thu_Fri_Sat'),
('6311', 'WN', 'Sun_Mon_Tue_Wed_Thu_Fri_Sat'),
('6313', 'US', 'Sun_Mon_Tue_Wed_Thu_Fri_Sat'),
('6314', 'AA', 'Mon_Wed_Thu_Fri'),
('6320', 'WN', 'Sun_Mon_Tue_Wed_Thu_Fri_Sat'),
('6325', 'AA', 'Sun_Mon_Tue_Wed_Thu_Fri_Sat'),
('633', 'WN', 'Mon_Wed_Thu_Fri'),
('6333', 'UA', 'Sun_Mon_Tue_Wed_Thu_Fri_Sat'),
('6334', 'AA', 'Sun_Mon_Tue_Wed_Thu_Fri_Sat'),
('634', 'B6', 'Mon_Wed_Thu_Fri'),
('6340', 'US', 'Sun_Mon_Tue_Wed_Thu_Fri_Sat'),
('6341', 'US', 'Mon_Wed_Thu_Fri'),
('6349', 'WN', 'Sun_Mon_Tue_Wed_Thu_Fri_Sat'),
('635', 'AA', 'Mon_Wed_Thu_Fri'),
('6351', 'WN', 'Sun_Mon_Tue_Wed_Thu_Fri_Sat'),
('6357', 'UA', 'Mon_Wed_Thu_Fri'),
('6361', 'DL', 'Sun_Mon_Tue_Wed_Thu_Fri_Sat'),
('6365', 'AA', 'Sun_Mon_Tue_Wed_Thu_Fri_Sat'),
('6367', 'UA', 'Sun_Mon_Tue_Wed_Thu_Fri_Sat'),
('6372', 'B6', 'Sun_Mon_Tue_Wed_Thu_Fri_Sat'),
('6373', 'WN', 'Sun_Mon_Tue_Wed_Thu_Fri_Sat'),
('6374', 'B6', 'Mon_Wed_Thu_Fri'),
('6375', 'US', 'Mon_Wed_Thu_Fri'),
('6379', 'AA', 'Sun_Mon_Tue_Wed_Thu_Fri_Sat'),
('6381', 'AA', 'Mon_Wed_Thu_Fri'),
('6384', 'WN', 'Mon_Wed_Thu_Fri'),
('6387', 'WN', 'Mon_Wed_Thu_Fri'),
('6389', 'WN', 'Mon_Wed_Thu_Fri'),
('6392', 'AA', 'Sun_Mon_Tue_Wed_Thu_Fri_Sat'),
('6395', 'WN', 'Sun_Mon_Tue_Wed_Thu_Fri_Sat'),
('64', 'AA', 'Sun_Mon_Tue_Wed_Thu_Fri_Sat'),
('6401', 'WN', 'Sun_Mon_Tue_Wed_Thu_Fri_Sat'),
('6405', 'WN', 'Sun_Mon_Tue_Wed_Thu_Fri_Sat'),
('6408', 'US', 'Sun_Mon_Tue_Wed_Thu_Fri_Sat'),
('641', 'US', 'Sun_Mon_Tue_Wed_Thu_Fri_Sat'),
('6411', 'UA', 'Mon_Wed_Thu_Fri'),
('6412', 'DL', 'Mon_Wed_Thu_Fri'),
('6413', 'AA', 'Mon_Wed_Thu_Fri'),
('6415', 'B6', 'Sun_Mon_Tue_Wed_Thu_Fri_Sat'),
('6418', 'AA', 'Mon_Wed_Thu_Fri'),
('6419', 'US', 'Sun_Mon_Tue_Wed_Thu_Fri_Sat'),
('6422', 'US', 'Mon_Wed_Thu_Fri'),
('6425', 'AA', 'Sun_Mon_Tue_Wed_Thu_Fri_Sat'),
('6430', 'WN', 'Sun_Mon_Tue_Wed_Thu_Fri_Sat'),
('6433', 'US', 'Sun_Mon_Tue_Wed_Thu_Fri_Sat'),
('6434', 'UA', 'Sun_Mon_Tue_Wed_Thu_Fri_Sat'),
('6437', 'B6', 'Mon_Wed_Thu_Fri'),
('6438', 'DL', 'Sun_Mon_Tue_Wed_Thu_Fri_Sat'),
('6439', 'UA', 'Sun_Mon_Tue_Wed_Thu_Fri_Sat'),
('644', 'DL', 'Mon_Wed_Thu_Fri'),
('6440', 'UA', 'Sun_Mon_Tue_Wed_Thu_Fri_Sat'),
('6449', 'UA', 'Mon_Wed_Thu_Fri'),
('6452', 'US', 'Sun_Mon_Tue_Wed_Thu_Fri_Sat'),
('646', 'WN', 'Mon_Wed_Thu_Fri'),
('6460', 'WN', 'Sun_Mon_Tue_Wed_Thu_Fri_Sat'),
('6467', 'DL', 'Mon_Wed_Thu_Fri'),
('647', 'US', 'Sun_Mon_Tue_Wed_Thu_Fri_Sat'),
('6480', 'WN', 'Mon_Wed_Thu_Fri'),
('6483', 'B6', 'Sun_Mon_Tue_Wed_Thu_Fri_Sat'),
('649', 'UA', 'Sun_Mon_Tue_Wed_Thu_Fri_Sat'),
('6490', 'DL', 'Sun_Mon_Tue_Wed_Thu_Fri_Sat'),
('6496', 'AA', 'Mon_Wed_Thu_Fri'),
('6497', 'WN', 'Mon_Wed_Thu_Fri'),
('6498', 'B6', 'Sun_Mon_Tue_Wed_Thu_Fri_Sat'),
('650', 'AA', 'Sun_Mon_Tue_Wed_Thu_Fri_Sat'),
('6500', 'AA', 'Mon_Wed_Thu_Fri'),
('6503', 'AA', 'Sun_Mon_Tue_Wed_Thu_Fri_Sat'),
('6509', 'DL', 'Mon_Wed_Thu_Fri'),
('6513', 'AA', 'Mon_Wed_Thu_Fri'),
('6516', 'AA', 'Sun_Mon_Tue_Wed_Thu_Fri_Sat'),
('6518', 'AA', 'Sun_Mon_Tue_Wed_Thu_Fri_Sat'),
('6523', 'WN', 'Sun_Mon_Tue_Wed_Thu_Fri_Sat'),
('6524', 'WN', 'Sun_Mon_Tue_Wed_Thu_Fri_Sat'),
('6528', 'WN', 'Mon_Wed_Thu_Fri'),
('6530', 'WN', 'Sun_Mon_Tue_Wed_Thu_Fri_Sat'),
('6542', 'UA', 'Sun_Mon_Tue_Wed_Thu_Fri_Sat'),
('6544', 'US', 'Mon_Wed_Thu_Fri'),
('6545', 'WN', 'Mon_Wed_Thu_Fri'),
('6550', 'UA', 'Mon_Wed_Thu_Fri'),
('6551', 'AA', 'Sun_Mon_Tue_Wed_Thu_Fri_Sat'),
('6552', 'DL', 'Mon_Wed_Thu_Fri'),
('6553', 'AA', 'Mon_Wed_Thu_Fri'),
('6557', 'US', 'Sun_Mon_Tue_Wed_Thu_Fri_Sat'),
('6558', 'B6', 'Mon_Wed_Thu_Fri'),
('6559', 'B6', 'Mon_Wed_Thu_Fri'),
('6566', 'DL', 'Sun_Mon_Tue_Wed_Thu_Fri_Sat'),
('6569', 'US', 'Sun_Mon_Tue_Wed_Thu_Fri_Sat'),
('6570', 'AA', 'Mon_Wed_Thu_Fri'),
('6573', 'US', 'Mon_Wed_Thu_Fri'),
('6580', 'WN', 'Sun_Mon_Tue_Wed_Thu_Fri_Sat'),
('6581', 'UA', 'Mon_Wed_Thu_Fri'),
('6584', 'AA', 'Mon_Wed_Thu_Fri'),
('6588', 'WN', 'Sun_Mon_Tue_Wed_Thu_Fri_Sat'),
('6589', 'AA', 'Mon_Wed_Thu_Fri'),
('6595', 'UA', 'Sun_Mon_Tue_Wed_Thu_Fri_Sat'),
('6597', 'WN', 'Sun_Mon_Tue_Wed_Thu_Fri_Sat'),
('6598', 'WN', 'Sun_Mon_Tue_Wed_Thu_Fri_Sat'),
('6600', 'DL', 'Sun_Mon_Tue_Wed_Thu_Fri_Sat'),
('6601', 'UA', 'Sun_Mon_Tue_Wed_Thu_Fri_Sat'),
('6602', 'US', 'Sun_Mon_Tue_Wed_Thu_Fri_Sat'),
('6608', 'WN', 'Sun_Mon_Tue_Wed_Thu_Fri_Sat'),
('6609', 'AA', 'Sun_Mon_Tue_Wed_Thu_Fri_Sat'),
('6610', 'US', 'Sun_Mon_Tue_Wed_Thu_Fri_Sat'),
('6612', 'US', 'Sun_Mon_Tue_Wed_Thu_Fri_Sat'),
('6615', 'DL', 'Sun_Mon_Tue_Wed_Thu_Fri_Sat'),
('6616', 'US', 'Mon_Wed_Thu_Fri'),
('6617', 'UA', 'Sun_Mon_Tue_Wed_Thu_Fri_Sat'),
('6619', 'AA', 'Sun_Mon_Tue_Wed_Thu_Fri_Sat'),
('662', 'UA', 'Sun_Mon_Tue_Wed_Thu_Fri_Sat'),
('6622', 'DL', 'Sun_Mon_Tue_Wed_Thu_Fri_Sat'),
('6624', 'UA', 'Sun_Mon_Tue_Wed_Thu_Fri_Sat'),
('6633', 'WN', 'Sun_Mon_Tue_Wed_Thu_Fri_Sat'),
('6634', 'AA', 'Mon_Wed_Thu_Fri'),
('664', 'B6', 'Mon_Wed_Thu_Fri'),
('6644', 'AA', 'Mon_Wed_Thu_Fri'),
('6645', 'AA', 'Mon_Wed_Thu_Fri'),
('6647', 'US', 'Sun_Mon_Tue_Wed_Thu_Fri_Sat'),
('6649', 'US', 'Sun_Mon_Tue_Wed_Thu_Fri_Sat'),
('6651', 'AA', 'Mon_Wed_Thu_Fri'),
('6655', 'AA', 'Sun_Mon_Tue_Wed_Thu_Fri_Sat'),
('6656', 'DL', 'Sun_Mon_Tue_Wed_Thu_Fri_Sat'),
('6657', 'B6', 'Sun_Mon_Tue_Wed_Thu_Fri_Sat'),
('6661', 'US', 'Mon_Wed_Thu_Fri'),
('6663', 'DL', 'Mon_Wed_Thu_Fri'),
('6668', 'UA', 'Sun_Mon_Tue_Wed_Thu_Fri_Sat'),
('6674', 'B6', 'Sun_Mon_Tue_Wed_Thu_Fri_Sat'),
('6675', 'UA', 'Mon_Wed_Thu_Fri'),
('668', 'US', 'Mon_Wed_Thu_Fri'),
('6680', 'WN', 'Mon_Wed_Thu_Fri'),
('6684', 'UA', 'Mon_Wed_Thu_Fri'),
('6687', 'US', 'Sun_Mon_Tue_Wed_Thu_Fri_Sat'),
('669', 'UA', 'Sun_Mon_Tue_Wed_Thu_Fri_Sat'),
('6691', 'US', 'Sun_Mon_Tue_Wed_Thu_Fri_Sat'),
('6694', 'DL', 'Mon_Wed_Thu_Fri'),
('6698', 'AA', 'Mon_Wed_Thu_Fri'),
('67', 'UA', 'Sun_Mon_Tue_Wed_Thu_Fri_Sat'),
('670', 'AA', 'Sun_Mon_Tue_Wed_Thu_Fri_Sat'),
('6701', 'US', 'Sun_Mon_Tue_Wed_Thu_Fri_Sat'),
('6702', 'DL', 'Sun_Mon_Tue_Wed_Thu_Fri_Sat'),
('6706', 'UA', 'Mon_Wed_Thu_Fri'),
('6707', 'AA', 'Sun_Mon_Tue_Wed_Thu_Fri_Sat'),
('6708', 'AA', 'Sun_Mon_Tue_Wed_Thu_Fri_Sat'),
('6709', 'WN', 'Sun_Mon_Tue_Wed_Thu_Fri_Sat'),
('6710', 'DL', 'Mon_Wed_Thu_Fri'),
('6712', 'B6', 'Mon_Wed_Thu_Fri'),
('6715', 'WN', 'Sun_Mon_Tue_Wed_Thu_Fri_Sat'),
('6717', 'AA', 'Mon_Wed_Thu_Fri'),
('672', 'AA', 'Sun_Mon_Tue_Wed_Thu_Fri_Sat'),
('6721', 'WN', 'Sun_Mon_Tue_Wed_Thu_Fri_Sat'),
('6722', 'WN', 'Mon_Wed_Thu_Fri'),
('6725', 'US', 'Sun_Mon_Tue_Wed_Thu_Fri_Sat'),
('6728', 'AA', 'Mon_Wed_Thu_Fri'),
('6732', 'WN', 'Sun_Mon_Tue_Wed_Thu_Fri_Sat'),
('6734', 'AA', 'Sun_Mon_Tue_Wed_Thu_Fri_Sat'),
('6736', 'AA', 'Sun_Mon_Tue_Wed_Thu_Fri_Sat'),
('6737', 'AA', 'Sun_Mon_Tue_Wed_Thu_Fri_Sat'),
('6739', 'AA', 'Sun_Mon_Tue_Wed_Thu_Fri_Sat'),
('6741', 'US', 'Sun_Mon_Tue_Wed_Thu_Fri_Sat'),
('6742', 'UA', 'Sun_Mon_Tue_Wed_Thu_Fri_Sat'),
('6743', 'WN', 'Sun_Mon_Tue_Wed_Thu_Fri_Sat'),
('675', 'AA', 'Sun_Mon_Tue_Wed_Thu_Fri_Sat'),
('6750', 'DL', 'Sun_Mon_Tue_Wed_Thu_Fri_Sat'),
('6752', 'WN', 'Sun_Mon_Tue_Wed_Thu_Fri_Sat'),
('6755', 'AA', 'Sun_Mon_Tue_Wed_Thu_Fri_Sat'),
('6761', 'US', 'Mon_Wed_Thu_Fri'),
('6762', 'B6', 'Sun_Mon_Tue_Wed_Thu_Fri_Sat'),
('6769', 'US', 'Sun_Mon_Tue_Wed_Thu_Fri_Sat'),
('6773', 'WN', 'Mon_Wed_Thu_Fri'),
('6774', 'US', 'Mon_Wed_Thu_Fri'),
('6779', 'UA', 'Mon_Wed_Thu_Fri'),
('6782', 'WN', 'Mon_Wed_Thu_Fri'),
('6785', 'B6', 'Sun_Mon_Tue_Wed_Thu_Fri_Sat'),
('6788', 'US', 'Mon_Wed_Thu_Fri'),
('679', 'WN', 'Sun_Mon_Tue_Wed_Thu_Fri_Sat'),
('6793', 'AA', 'Sun_Mon_Tue_Wed_Thu_Fri_Sat'),
('6794', 'US', 'Sun_Mon_Tue_Wed_Thu_Fri_Sat'),
('6796', 'DL', 'Mon_Wed_Thu_Fri'),
('68', 'B6', 'Mon_Wed_Thu_Fri'),
('680', 'UA', 'Mon_Wed_Thu_Fri'),
('6800', 'AA', 'Sun_Mon_Tue_Wed_Thu_Fri_Sat'),
('6808', 'WN', 'Sun_Mon_Tue_Wed_Thu_Fri_Sat'),
('6813', 'AA', 'Sun_Mon_Tue_Wed_Thu_Fri_Sat'),
('6823', 'WN', 'Mon_Wed_Thu_Fri'),
('6824', 'WN', 'Sun_Mon_Tue_Wed_Thu_Fri_Sat'),
('6825', 'WN', 'Sun_Mon_Tue_Wed_Thu_Fri_Sat'),
('6828', 'US', 'Sun_Mon_Tue_Wed_Thu_Fri_Sat'),
('6829', 'B6', 'Sun_Mon_Tue_Wed_Thu_Fri_Sat'),
('683', 'US', 'Sun_Mon_Tue_Wed_Thu_Fri_Sat'),
('6833', 'UA', 'Sun_Mon_Tue_Wed_Thu_Fri_Sat'),
('6836', 'AA', 'Sun_Mon_Tue_Wed_Thu_Fri_Sat'),
('6838', 'AA', 'Sun_Mon_Tue_Wed_Thu_Fri_Sat'),
('6839', 'DL', 'Sun_Mon_Tue_Wed_Thu_Fri_Sat'),
('6840', 'WN', 'Sun_Mon_Tue_Wed_Thu_Fri_Sat'),
('6841', 'AA', 'Mon_Wed_Thu_Fri'),
('6845', 'UA', 'Mon_Wed_Thu_Fri'),
('6846', 'AA', 'Mon_Wed_Thu_Fri'),
('6853', 'WN', 'Mon_Wed_Thu_Fri'),
('6858', 'UA', 'Mon_Wed_Thu_Fri'),
('6859', 'WN', 'Sun_Mon_Tue_Wed_Thu_Fri_Sat'),
('686', 'DL', 'Mon_Wed_Thu_Fri'),
('6864', 'UA', 'Mon_Wed_Thu_Fri'),
('6867', 'UA', 'Sun_Mon_Tue_Wed_Thu_Fri_Sat'),
('6869', 'UA', 'Sun_Mon_Tue_Wed_Thu_Fri_Sat'),
('6876', 'B6', 'Mon_Wed_Thu_Fri'),
('6880', 'DL', 'Sun_Mon_Tue_Wed_Thu_Fri_Sat'),
('6881', 'AA', 'Mon_Wed_Thu_Fri'),
('6885', 'AA', 'Sun_Mon_Tue_Wed_Thu_Fri_Sat'),
('6887', 'US', 'Sun_Mon_Tue_Wed_Thu_Fri_Sat'),
('6888', 'WN', 'Sun_Mon_Tue_Wed_Thu_Fri_Sat'),
('6891', 'AA', 'Sun_Mon_Tue_Wed_Thu_Fri_Sat'),
('6893', 'US', 'Mon_Wed_Thu_Fri'),
('6897', 'US', 'Sun_Mon_Tue_Wed_Thu_Fri_Sat'),
('6898', 'US', 'Sun_Mon_Tue_Wed_Thu_Fri_Sat'),
('69', 'DL', 'Mon_Wed_Thu_Fri'),
('6900', 'US', 'Sun_Mon_Tue_Wed_Thu_Fri_Sat'),
('6903', 'WN', 'Mon_Wed_Thu_Fri'),
('6908', 'AA', 'Mon_Wed_Thu_Fri'),
('691', 'AA', 'Mon_Wed_Thu_Fri'),
('6915', 'AA', 'Sun_Mon_Tue_Wed_Thu_Fri_Sat'),
('6917', 'US', 'Mon_Wed_Thu_Fri'),
('6918', 'AA', 'Mon_Wed_Thu_Fri'),
('6925', 'B6', 'Mon_Wed_Thu_Fri'),
('6926', 'WN', 'Mon_Wed_Thu_Fri'),
('6930', 'B6', 'Sun_Mon_Tue_Wed_Thu_Fri_Sat'),
('6932', 'B6', 'Sun_Mon_Tue_Wed_Thu_Fri_Sat'),
('6933', 'DL', 'Sun_Mon_Tue_Wed_Thu_Fri_Sat'),
('6936', 'US', 'Sun_Mon_Tue_Wed_Thu_Fri_Sat'),
('6938', 'DL', 'Sun_Mon_Tue_Wed_Thu_Fri_Sat'),
('6942', 'B6', 'Mon_Wed_Thu_Fri'),
('6945', 'UA', 'Sun_Mon_Tue_Wed_Thu_Fri_Sat'),
('6946', 'AA', 'Sun_Mon_Tue_Wed_Thu_Fri_Sat'),
('6949', 'US', 'Mon_Wed_Thu_Fri'),
('695', 'DL', 'Mon_Wed_Thu_Fri'),
('6950', 'AA', 'Sun_Mon_Tue_Wed_Thu_Fri_Sat'),
('6954', 'DL', 'Sun_Mon_Tue_Wed_Thu_Fri_Sat'),
('6956', 'AA', 'Sun_Mon_Tue_Wed_Thu_Fri_Sat'),
('696', 'US', 'Sun_Mon_Tue_Wed_Thu_Fri_Sat'),
('6960', 'US', 'Mon_Wed_Thu_Fri'),
('6965', 'WN', 'Sun_Mon_Tue_Wed_Thu_Fri_Sat'),
('6966', 'AA', 'Sun_Mon_Tue_Wed_Thu_Fri_Sat'),
('6968', 'AA', 'Sun_Mon_Tue_Wed_Thu_Fri_Sat'),
('6970', 'B6', 'Sun_Mon_Tue_Wed_Thu_Fri_Sat'),
('6973', 'AA', 'Sun_Mon_Tue_Wed_Thu_Fri_Sat'),
('6974', 'AA', 'Sun_Mon_Tue_Wed_Thu_Fri_Sat'),
('6977', 'AA', 'Sun_Mon_Tue_Wed_Thu_Fri_Sat'),
('698', 'US', 'Sun_Mon_Tue_Wed_Thu_Fri_Sat'),
('6982', 'AA', 'Sun_Mon_Tue_Wed_Thu_Fri_Sat'),
('6983', 'US', 'Sun_Mon_Tue_Wed_Thu_Fri_Sat'),
('6986', 'US', 'Sun_Mon_Tue_Wed_Thu_Fri_Sat'),
('6993', 'DL', 'Mon_Wed_Thu_Fri'),
('6995', 'US', 'Mon_Wed_Thu_Fri'),
('6996', 'DL', 'Sun_Mon_Tue_Wed_Thu_Fri_Sat'),
('6997', 'WN', 'Sun_Mon_Tue_Wed_Thu_Fri_Sat'),
('7004', 'B6', 'Sun_Mon_Tue_Wed_Thu_Fri_Sat'),
('7012', 'AA', 'Sun_Mon_Tue_Wed_Thu_Fri_Sat'),
('7014', 'US', 'Mon_Wed_Thu_Fri'),
('7018', 'WN', 'Sun_Mon_Tue_Wed_Thu_Fri_Sat'),
('7020', 'DL', 'Mon_Wed_Thu_Fri'),
('7024', 'UA', 'Sun_Mon_Tue_Wed_Thu_Fri_Sat'),
('7027', 'AA', 'Sun_Mon_Tue_Wed_Thu_Fri_Sat'),
('7032', 'DL', 'Mon_Wed_Thu_Fri'),
('7034', 'B6', 'Mon_Wed_Thu_Fri'),
('7038', 'UA', 'Mon_Wed_Thu_Fri'),
('7039', 'B6', 'Sun_Mon_Tue_Wed_Thu_Fri_Sat'),
('704', 'WN', 'Sun_Mon_Tue_Wed_Thu_Fri_Sat'),
('7042', 'UA', 'Sun_Mon_Tue_Wed_Thu_Fri_Sat'),
('7045', 'DL', 'Mon_Wed_Thu_Fri'),
('7046', 'AA', 'Sun_Mon_Tue_Wed_Thu_Fri_Sat'),
('7050', 'AA', 'Mon_Wed_Thu_Fri'),
('7054', 'DL', 'Sun_Mon_Tue_Wed_Thu_Fri_Sat'),
('7058', 'US', 'Sun_Mon_Tue_Wed_Thu_Fri_Sat'),
('706', 'AA', 'Mon_Wed_Thu_Fri'),
('7066', 'AA', 'Mon_Wed_Thu_Fri'),
('7068', 'UA', 'Mon_Wed_Thu_Fri'),
('7069', 'WN', 'Sun_Mon_Tue_Wed_Thu_Fri_Sat'),
('7072', 'B6', 'Sun_Mon_Tue_Wed_Thu_Fri_Sat'),
('7073', 'WN', 'Mon_Wed_Thu_Fri'),
('7079', 'UA', 'Mon_Wed_Thu_Fri'),
('7083', 'AA', 'Mon_Wed_Thu_Fri'),
('7086', 'WN', 'Mon_Wed_Thu_Fri'),
('7088', 'WN', 'Sun_Mon_Tue_Wed_Thu_Fri_Sat'),
('7092', 'AA', 'Mon_Wed_Thu_Fri'),
('7097', 'DL', 'Mon_Wed_Thu_Fri'),
('7098', 'DL', 'Mon_Wed_Thu_Fri'),
('7099', 'WN', 'Mon_Wed_Thu_Fri'),
('7100', 'US', 'Sun_Mon_Tue_Wed_Thu_Fri_Sat'),
('7101', 'US', 'Mon_Wed_Thu_Fri'),
('7107', 'B6', 'Sun_Mon_Tue_Wed_Thu_Fri_Sat'),
('7113', 'DL', 'Sun_Mon_Tue_Wed_Thu_Fri_Sat'),
('7116', 'WN', 'Mon_Wed_Thu_Fri'),
('7118', 'US', 'Mon_Wed_Thu_Fri'),
('7119', 'US', 'Mon_Wed_Thu_Fri'),
('7122', 'DL', 'Sun_Mon_Tue_Wed_Thu_Fri_Sat'),
('7123', 'AA', 'Sun_Mon_Tue_Wed_Thu_Fri_Sat'),
('7124', 'WN', 'Sun_Mon_Tue_Wed_Thu_Fri_Sat'),
('7127', 'WN', 'Sun_Mon_Tue_Wed_Thu_Fri_Sat'),
('7128', 'AA', 'Mon_Wed_Thu_Fri'),
('7129', 'WN', 'Sun_Mon_Tue_Wed_Thu_Fri_Sat'),
('7130', 'WN', 'Sun_Mon_Tue_Wed_Thu_Fri_Sat'),
('7133', 'DL', 'Sun_Mon_Tue_Wed_Thu_Fri_Sat'),
('7134', 'WN', 'Mon_Wed_Thu_Fri'),
('7135', 'DL', 'Sun_Mon_Tue_Wed_Thu_Fri_Sat'),
('714', 'AA', 'Sun_Mon_Tue_Wed_Thu_Fri_Sat'),
('7141', 'WN', 'Sun_Mon_Tue_Wed_Thu_Fri_Sat'),
('7142', 'US', 'Mon_Wed_Thu_Fri'),
('7143', 'WN', 'Mon_Wed_Thu_Fri'),
('7145', 'AA', 'Sun_Mon_Tue_Wed_Thu_Fri_Sat'),
('7146', 'UA', 'Mon_Wed_Thu_Fri'),
('7150', 'UA', 'Sun_Mon_Tue_Wed_Thu_Fri_Sat'),
('7151', 'US', 'Mon_Wed_Thu_Fri'),
('7159', 'AA', 'Mon_Wed_Thu_Fri'),
('716', 'AA', 'Sun_Mon_Tue_Wed_Thu_Fri_Sat'),
('7162', 'UA', 'Sun_Mon_Tue_Wed_Thu_Fri_Sat'),
('7165', 'DL', 'Sun_Mon_Tue_Wed_Thu_Fri_Sat'),
('7166', 'UA', 'Sun_Mon_Tue_Wed_Thu_Fri_Sat'),
('717', 'DL', 'Sun_Mon_Tue_Wed_Thu_Fri_Sat'),
('7171', 'WN', 'Sun_Mon_Tue_Wed_Thu_Fri_Sat'),
('7173', 'WN', 'Sun_Mon_Tue_Wed_Thu_Fri_Sat'),
('7176', 'UA', 'Mon_Wed_Thu_Fri'),
('7184', 'AA', 'Mon_Wed_Thu_Fri'),
('7185', 'WN', 'Mon_Wed_Thu_Fri'),
('7188', 'WN', 'Sun_Mon_Tue_Wed_Thu_Fri_Sat'),
('7196', 'DL', 'Sun_Mon_Tue_Wed_Thu_Fri_Sat'),
('7198', 'UA', 'Sun_Mon_Tue_Wed_Thu_Fri_Sat'),
('72', 'UA', 'Sun_Mon_Tue_Wed_Thu_Fri_Sat'),
('720', 'DL', 'Sun_Mon_Tue_Wed_Thu_Fri_Sat'),
('7202', 'DL', 'Sun_Mon_Tue_Wed_Thu_Fri_Sat'),
('7203', 'AA', 'Sun_Mon_Tue_Wed_Thu_Fri_Sat'),
('7206', 'UA', 'Sun_Mon_Tue_Wed_Thu_Fri_Sat'),
('7207', 'UA', 'Sun_Mon_Tue_Wed_Thu_Fri_Sat'),
('7208', 'DL', 'Mon_Wed_Thu_Fri'),
('721', 'WN', 'Mon_Wed_Thu_Fri'),
('7216', 'US', 'Sun_Mon_Tue_Wed_Thu_Fri_Sat'),
('7221', 'UA', 'Mon_Wed_Thu_Fri'),
('7222', 'WN', 'Sun_Mon_Tue_Wed_Thu_Fri_Sat'),
('7223', 'B6', 'Mon_Wed_Thu_Fri'),
('7225', 'AA', 'Mon_Wed_Thu_Fri'),
('723', 'AA', 'Mon_Wed_Thu_Fri'),
('7230', 'US', 'Sun_Mon_Tue_Wed_Thu_Fri_Sat'),
('7233', 'WN', 'Mon_Wed_Thu_Fri'),
('7238', 'WN', 'Sun_Mon_Tue_Wed_Thu_Fri_Sat'),
('7240', 'UA', 'Sun_Mon_Tue_Wed_Thu_Fri_Sat'),
('7242', 'AA', 'Mon_Wed_Thu_Fri'),
('7251', 'DL', 'Sun_Mon_Tue_Wed_Thu_Fri_Sat'),
('7254', 'UA', 'Mon_Wed_Thu_Fri'),
('7257', 'US', 'Sun_Mon_Tue_Wed_Thu_Fri_Sat'),
('726', 'WN', 'Sun_Mon_Tue_Wed_Thu_Fri_Sat'),
('7261', 'US', 'Sun_Mon_Tue_Wed_Thu_Fri_Sat'),
('7264', 'WN', 'Sun_Mon_Tue_Wed_Thu_Fri_Sat'),
('7265', 'UA', 'Mon_Wed_Thu_Fri'),
('7266', 'B6', 'Sun_Mon_Tue_Wed_Thu_Fri_Sat'),
('7269', 'WN', 'Sun_Mon_Tue_Wed_Thu_Fri_Sat'),
('727', 'AA', 'Sun_Mon_Tue_Wed_Thu_Fri_Sat'),
('728', 'B6', 'Sun_Mon_Tue_Wed_Thu_Fri_Sat'),
('7280', 'UA', 'Mon_Wed_Thu_Fri'),
('7284', 'DL', 'Mon_Wed_Thu_Fri'),
('7287', 'AA', 'Sun_Mon_Tue_Wed_Thu_Fri_Sat'),
('7289', 'AA', 'Sun_Mon_Tue_Wed_Thu_Fri_Sat'),
('729', 'DL', 'Sun_Mon_Tue_Wed_Thu_Fri_Sat'),
('7290', 'US', 'Mon_Wed_Thu_Fri'),
('7297', 'UA', 'Sun_Mon_Tue_Wed_Thu_Fri_Sat'),
('7298', 'WN', 'Sun_Mon_Tue_Wed_Thu_Fri_Sat'),
('7301', 'US', 'Mon_Wed_Thu_Fri'),
('7304', 'WN', 'Sun_Mon_Tue_Wed_Thu_Fri_Sat'),
('7307', 'AA', 'Sun_Mon_Tue_Wed_Thu_Fri_Sat'),
('731', 'AA', 'Sun_Mon_Tue_Wed_Thu_Fri_Sat'),
('7314', 'AA', 'Sun_Mon_Tue_Wed_Thu_Fri_Sat'),
('7316', 'US', 'Sun_Mon_Tue_Wed_Thu_Fri_Sat'),
('732', 'AA', 'Sun_Mon_Tue_Wed_Thu_Fri_Sat'),
('7320', 'US', 'Sun_Mon_Tue_Wed_Thu_Fri_Sat'),
('7322', 'WN', 'Sun_Mon_Tue_Wed_Thu_Fri_Sat'),
('7324', 'WN', 'Sun_Mon_Tue_Wed_Thu_Fri_Sat'),
('7333', 'WN', 'Sun_Mon_Tue_Wed_Thu_Fri_Sat'),
('7335', 'B6', 'Mon_Wed_Thu_Fri'),
('7336', 'US', 'Mon_Wed_Thu_Fri'),
('7343', 'WN', 'Mon_Wed_Thu_Fri'),
('7345', 'UA', 'Mon_Wed_Thu_Fri'),
('7348', 'US', 'Sun_Mon_Tue_Wed_Thu_Fri_Sat'),
('7350', 'WN', 'Mon_Wed_Thu_Fri'),
('7351', 'WN', 'Sun_Mon_Tue_Wed_Thu_Fri_Sat'),
('7352', 'UA', 'Sun_Mon_Tue_Wed_Thu_Fri_Sat'),
('7354', 'US', 'Mon_Wed_Thu_Fri'),
('7357', 'DL', 'Mon_Wed_Thu_Fri'),
('7359', 'US', 'Sun_Mon_Tue_Wed_Thu_Fri_Sat'),
('7363', 'B6', 'Sun_Mon_Tue_Wed_Thu_Fri_Sat'),
('7364', 'WN', 'Mon_Wed_Thu_Fri'),
('7378', 'WN', 'Sun_Mon_Tue_Wed_Thu_Fri_Sat'),
('7379', 'US', 'Sun_Mon_Tue_Wed_Thu_Fri_Sat'),
('7381', 'UA', 'Sun_Mon_Tue_Wed_Thu_Fri_Sat'),
('7382', 'UA', 'Sun_Mon_Tue_Wed_Thu_Fri_Sat'),
('7384', 'DL', 'Sun_Mon_Tue_Wed_Thu_Fri_Sat'),
('7387', 'AA', 'Sun_Mon_Tue_Wed_Thu_Fri_Sat'),
('7390', 'US', 'Mon_Wed_Thu_Fri'),
('7391', 'WN', 'Mon_Wed_Thu_Fri'),
('7395', 'US', 'Sun_Mon_Tue_Wed_Thu_Fri_Sat'),
('7397', 'AA', 'Sun_Mon_Tue_Wed_Thu_Fri_Sat'),
('7400', 'UA', 'Sun_Mon_Tue_Wed_Thu_Fri_Sat'),
('7402', 'UA', 'Mon_Wed_Thu_Fri'),
('7404', 'WN', 'Sun_Mon_Tue_Wed_Thu_Fri_Sat'),
('7409', 'US', 'Sun_Mon_Tue_Wed_Thu_Fri_Sat'),
('7410', 'AA', 'Mon_Wed_Thu_Fri'),
('7412', 'AA', 'Sun_Mon_Tue_Wed_Thu_Fri_Sat'),
('7413', 'AA', 'Sun_Mon_Tue_Wed_Thu_Fri_Sat'),
('7416', 'AA', 'Sun_Mon_Tue_Wed_Thu_Fri_Sat'),
('7423', 'AA', 'Sun_Mon_Tue_Wed_Thu_Fri_Sat'),
('7426', 'US', 'Mon_Wed_Thu_Fri'),
('7428', 'AA', 'Sun_Mon_Tue_Wed_Thu_Fri_Sat'),
('7429', 'UA', 'Sun_Mon_Tue_Wed_Thu_Fri_Sat'),
('7430', 'UA', 'Mon_Wed_Thu_Fri'),
('7431', 'AA', 'Sun_Mon_Tue_Wed_Thu_Fri_Sat'),
('7448', 'B6', 'Sun_Mon_Tue_Wed_Thu_Fri_Sat'),
('7450', 'US', 'Mon_Wed_Thu_Fri'),
('7454', 'AA', 'Sun_Mon_Tue_Wed_Thu_Fri_Sat'),
('7456', 'AA', 'Sun_Mon_Tue_Wed_Thu_Fri_Sat'),
('746', 'B6', 'Sun_Mon_Tue_Wed_Thu_Fri_Sat'),
('7460', 'AA', 'Sun_Mon_Tue_Wed_Thu_Fri_Sat'),
('7461', 'UA', 'Mon_Wed_Thu_Fri'),
('7464', 'US', 'Sun_Mon_Tue_Wed_Thu_Fri_Sat'),
('7466', 'AA', 'Sun_Mon_Tue_Wed_Thu_Fri_Sat'),
('7469', 'US', 'Mon_Wed_Thu_Fri'),
('7470', 'AA', 'Sun_Mon_Tue_Wed_Thu_Fri_Sat'),
('7472', 'DL', 'Mon_Wed_Thu_Fri'),
('7477', 'AA', 'Mon_Wed_Thu_Fri'),
('7478', 'AA', 'Sun_Mon_Tue_Wed_Thu_Fri_Sat'),
('748', 'WN', 'Sun_Mon_Tue_Wed_Thu_Fri_Sat'),
('7483', 'B6', 'Sun_Mon_Tue_Wed_Thu_Fri_Sat'),
('7486', 'WN', 'Sun_Mon_Tue_Wed_Thu_Fri_Sat'),
('7493', 'WN', 'Sun_Mon_Tue_Wed_Thu_Fri_Sat'),
('7498', 'AA', 'Sun_Mon_Tue_Wed_Thu_Fri_Sat'),
('7499', 'UA', 'Sun_Mon_Tue_Wed_Thu_Fri_Sat'),
('7500', 'US', 'Mon_Wed_Thu_Fri'),
('7501', 'AA', 'Sun_Mon_Tue_Wed_Thu_Fri_Sat'),
('7504', 'AA', 'Sun_Mon_Tue_Wed_Thu_Fri_Sat'),
('7505', 'US', 'Mon_Wed_Thu_Fri'),
('7511', 'WN', 'Sun_Mon_Tue_Wed_Thu_Fri_Sat'),
('7514', 'US', 'Mon_Wed_Thu_Fri'),
('7519', 'US', 'Sun_Mon_Tue_Wed_Thu_Fri_Sat'),
('752', 'US', 'Sun_Mon_Tue_Wed_Thu_Fri_Sat'),
('7521', 'DL', 'Sun_Mon_Tue_Wed_Thu_Fri_Sat'),
('7528', 'B6', 'Sun_Mon_Tue_Wed_Thu_Fri_Sat'),
('7530', 'AA', 'Sun_Mon_Tue_Wed_Thu_Fri_Sat'),
('7532', 'US', 'Mon_Wed_Thu_Fri'),
('7535', 'US', 'Sun_Mon_Tue_Wed_Thu_Fri_Sat'),
('754', 'WN', 'Sun_Mon_Tue_Wed_Thu_Fri_Sat'),
('7541', 'AA', 'Sun_Mon_Tue_Wed_Thu_Fri_Sat'),
('7549', 'US', 'Mon_Wed_Thu_Fri'),
('7553', 'UA', 'Sun_Mon_Tue_Wed_Thu_Fri_Sat'),
('7555', 'DL', 'Mon_Wed_Thu_Fri'),
('7557', 'AA', 'Sun_Mon_Tue_Wed_Thu_Fri_Sat'),
('7566', 'B6', 'Sun_Mon_Tue_Wed_Thu_Fri_Sat'),
('7571', 'UA', 'Sun_Mon_Tue_Wed_Thu_Fri_Sat'),
('7575', 'WN', 'Mon_Wed_Thu_Fri'),
('7579', 'AA', 'Sun_Mon_Tue_Wed_Thu_Fri_Sat'),
('7580', 'WN', 'Sun_Mon_Tue_Wed_Thu_Fri_Sat'),
('7581', 'DL', 'Sun_Mon_Tue_Wed_Thu_Fri_Sat'),
('7582', 'AA', 'Sun_Mon_Tue_Wed_Thu_Fri_Sat'),
('7588', 'AA', 'Sun_Mon_Tue_Wed_Thu_Fri_Sat'),
('7590', 'B6', 'Sun_Mon_Tue_Wed_Thu_Fri_Sat'),
('7592', 'WN', 'Mon_Wed_Thu_Fri'),
('7593', 'AA', 'Sun_Mon_Tue_Wed_Thu_Fri_Sat'),
('7597', 'WN', 'Sun_Mon_Tue_Wed_Thu_Fri_Sat'),
('7599', 'WN', 'Sun_Mon_Tue_Wed_Thu_Fri_Sat'),
('760', 'B6', 'Sun_Mon_Tue_Wed_Thu_Fri_Sat'),
('7600', 'WN', 'Sun_Mon_Tue_Wed_Thu_Fri_Sat'),
('7602', 'UA', 'Sun_Mon_Tue_Wed_Thu_Fri_Sat'),
('7604', 'WN', 'Mon_Wed_Thu_Fri'),
('7605', 'WN', 'Sun_Mon_Tue_Wed_Thu_Fri_Sat'),
('7610', 'US', 'Sun_Mon_Tue_Wed_Thu_Fri_Sat'),
('7611', 'AA', 'Mon_Wed_Thu_Fri'),
('7613', 'US', 'Sun_Mon_Tue_Wed_Thu_Fri_Sat'),
('7614', 'US', 'Sun_Mon_Tue_Wed_Thu_Fri_Sat'),
('7618', 'AA', 'Mon_Wed_Thu_Fri'),
('7620', 'US', 'Mon_Wed_Thu_Fri'),
('7621', 'WN', 'Sun_Mon_Tue_Wed_Thu_Fri_Sat'),
('7623', 'AA', 'Mon_Wed_Thu_Fri'),
('7624', 'WN', 'Sun_Mon_Tue_Wed_Thu_Fri_Sat'),
('7625', 'B6', 'Mon_Wed_Thu_Fri'),
('7628', 'UA', 'Mon_Wed_Thu_Fri'),
('763', 'DL', 'Sun_Mon_Tue_Wed_Thu_Fri_Sat'),
('7632', 'DL', 'Sun_Mon_Tue_Wed_Thu_Fri_Sat'),
('7633', 'AA', 'Mon_Wed_Thu_Fri'),
('7634', 'DL', 'Sun_Mon_Tue_Wed_Thu_Fri_Sat'),
('7635', 'US', 'Sun_Mon_Tue_Wed_Thu_Fri_Sat'),
('7638', 'US', 'Sun_Mon_Tue_Wed_Thu_Fri_Sat'),
('7639', 'US', 'Sun_Mon_Tue_Wed_Thu_Fri_Sat'),
('764', 'AA', 'Sun_Mon_Tue_Wed_Thu_Fri_Sat'),
('7641', 'AA', 'Sun_Mon_Tue_Wed_Thu_Fri_Sat'),
('7644', 'WN', 'Sun_Mon_Tue_Wed_Thu_Fri_Sat'),
('7645', 'AA', 'Sun_Mon_Tue_Wed_Thu_Fri_Sat'),
('7652', 'WN', 'Sun_Mon_Tue_Wed_Thu_Fri_Sat'),
('7660', 'UA', 'Sun_Mon_Tue_Wed_Thu_Fri_Sat'),
('7663', 'DL', 'Sun_Mon_Tue_Wed_Thu_Fri_Sat'),
('7665', 'UA', 'Sun_Mon_Tue_Wed_Thu_Fri_Sat'),
('767', 'US', 'Sun_Mon_Tue_Wed_Thu_Fri_Sat'),
('7670', 'WN', 'Sun_Mon_Tue_Wed_Thu_Fri_Sat'),
('7674', 'AA', 'Sun_Mon_Tue_Wed_Thu_Fri_Sat'),
('7676', 'UA', 'Sun_Mon_Tue_Wed_Thu_Fri_Sat'),
('7680', 'UA', 'Sun_Mon_Tue_Wed_Thu_Fri_Sat'),
('7682', 'B6', 'Sun_Mon_Tue_Wed_Thu_Fri_Sat'),
('7688', 'UA', 'Sun_Mon_Tue_Wed_Thu_Fri_Sat'),
('7691', 'WN', 'Mon_Wed_Thu_Fri'),
('7694', 'US', 'Sun_Mon_Tue_Wed_Thu_Fri_Sat'),
('7695', 'WN', 'Mon_Wed_Thu_Fri'),
('7698', 'AA', 'Mon_Wed_Thu_Fri'),
('77', 'WN', 'Sun_Mon_Tue_Wed_Thu_Fri_Sat'),
('770', 'AA', 'Sun_Mon_Tue_Wed_Thu_Fri_Sat'),
('7706', 'WN', 'Mon_Wed_Thu_Fri'),
('7708', 'US', 'Mon_Wed_Thu_Fri'),
('771', 'DL', 'Sun_Mon_Tue_Wed_Thu_Fri_Sat');
INSERT INTO `flight` (`Flight_number`, `Airline`, `Weekdays`) VALUES
('7718', 'AA', 'Sun_Mon_Tue_Wed_Thu_Fri_Sat'),
('772', 'UA', 'Sun_Mon_Tue_Wed_Thu_Fri_Sat'),
('7724', 'US', 'Sun_Mon_Tue_Wed_Thu_Fri_Sat'),
('7725', 'UA', 'Mon_Wed_Thu_Fri'),
('7726', 'US', 'Sun_Mon_Tue_Wed_Thu_Fri_Sat'),
('7729', 'WN', 'Sun_Mon_Tue_Wed_Thu_Fri_Sat'),
('7731', 'US', 'Sun_Mon_Tue_Wed_Thu_Fri_Sat'),
('7732', 'UA', 'Mon_Wed_Thu_Fri'),
('7735', 'US', 'Sun_Mon_Tue_Wed_Thu_Fri_Sat'),
('7736', 'DL', 'Sun_Mon_Tue_Wed_Thu_Fri_Sat'),
('7738', 'US', 'Mon_Wed_Thu_Fri'),
('7743', 'WN', 'Mon_Wed_Thu_Fri'),
('7744', 'B6', 'Sun_Mon_Tue_Wed_Thu_Fri_Sat'),
('7746', 'DL', 'Sun_Mon_Tue_Wed_Thu_Fri_Sat'),
('7747', 'WN', 'Sun_Mon_Tue_Wed_Thu_Fri_Sat'),
('7752', 'WN', 'Sun_Mon_Tue_Wed_Thu_Fri_Sat'),
('7757', 'UA', 'Sun_Mon_Tue_Wed_Thu_Fri_Sat'),
('7760', 'US', 'Sun_Mon_Tue_Wed_Thu_Fri_Sat'),
('7766', 'AA', 'Mon_Wed_Thu_Fri'),
('7772', 'AA', 'Sun_Mon_Tue_Wed_Thu_Fri_Sat'),
('7775', 'WN', 'Sun_Mon_Tue_Wed_Thu_Fri_Sat'),
('7777', 'AA', 'Sun_Mon_Tue_Wed_Thu_Fri_Sat'),
('7778', 'WN', 'Sun_Mon_Tue_Wed_Thu_Fri_Sat'),
('7781', 'B6', 'Sun_Mon_Tue_Wed_Thu_Fri_Sat'),
('7782', 'UA', 'Sun_Mon_Tue_Wed_Thu_Fri_Sat'),
('7787', 'US', 'Mon_Wed_Thu_Fri'),
('7795', 'WN', 'Sun_Mon_Tue_Wed_Thu_Fri_Sat'),
('7797', 'US', 'Sun_Mon_Tue_Wed_Thu_Fri_Sat'),
('7799', 'US', 'Sun_Mon_Tue_Wed_Thu_Fri_Sat'),
('78', 'US', 'Sun_Mon_Tue_Wed_Thu_Fri_Sat'),
('780', 'WN', 'Sun_Mon_Tue_Wed_Thu_Fri_Sat'),
('7800', 'US', 'Sun_Mon_Tue_Wed_Thu_Fri_Sat'),
('7801', 'WN', 'Sun_Mon_Tue_Wed_Thu_Fri_Sat'),
('7803', 'WN', 'Sun_Mon_Tue_Wed_Thu_Fri_Sat'),
('7805', 'US', 'Mon_Wed_Thu_Fri'),
('7808', 'US', 'Sun_Mon_Tue_Wed_Thu_Fri_Sat'),
('7811', 'UA', 'Sun_Mon_Tue_Wed_Thu_Fri_Sat'),
('7812', 'UA', 'Mon_Wed_Thu_Fri'),
('7813', 'WN', 'Sun_Mon_Tue_Wed_Thu_Fri_Sat'),
('7814', 'AA', 'Sun_Mon_Tue_Wed_Thu_Fri_Sat'),
('7815', 'UA', 'Mon_Wed_Thu_Fri'),
('7818', 'US', 'Mon_Wed_Thu_Fri'),
('782', 'WN', 'Sun_Mon_Tue_Wed_Thu_Fri_Sat'),
('7820', 'AA', 'Sun_Mon_Tue_Wed_Thu_Fri_Sat'),
('7822', 'UA', 'Sun_Mon_Tue_Wed_Thu_Fri_Sat'),
('7824', 'US', 'Sun_Mon_Tue_Wed_Thu_Fri_Sat'),
('7825', 'WN', 'Sun_Mon_Tue_Wed_Thu_Fri_Sat'),
('7826', 'UA', 'Sun_Mon_Tue_Wed_Thu_Fri_Sat'),
('7829', 'UA', 'Sun_Mon_Tue_Wed_Thu_Fri_Sat'),
('7830', 'AA', 'Mon_Wed_Thu_Fri'),
('7836', 'WN', 'Mon_Wed_Thu_Fri'),
('7837', 'UA', 'Sun_Mon_Tue_Wed_Thu_Fri_Sat'),
('7839', 'AA', 'Sun_Mon_Tue_Wed_Thu_Fri_Sat'),
('784', 'US', 'Sun_Mon_Tue_Wed_Thu_Fri_Sat'),
('7841', 'DL', 'Sun_Mon_Tue_Wed_Thu_Fri_Sat'),
('7842', 'WN', 'Mon_Wed_Thu_Fri'),
('7845', 'WN', 'Sun_Mon_Tue_Wed_Thu_Fri_Sat'),
('7846', 'WN', 'Sun_Mon_Tue_Wed_Thu_Fri_Sat'),
('7847', 'B6', 'Sun_Mon_Tue_Wed_Thu_Fri_Sat'),
('7852', 'WN', 'Sun_Mon_Tue_Wed_Thu_Fri_Sat'),
('7853', 'US', 'Mon_Wed_Thu_Fri'),
('7857', 'WN', 'Sun_Mon_Tue_Wed_Thu_Fri_Sat'),
('7858', 'AA', 'Sun_Mon_Tue_Wed_Thu_Fri_Sat'),
('7860', 'US', 'Sun_Mon_Tue_Wed_Thu_Fri_Sat'),
('7862', 'WN', 'Sun_Mon_Tue_Wed_Thu_Fri_Sat'),
('7863', 'US', 'Sun_Mon_Tue_Wed_Thu_Fri_Sat'),
('7865', 'WN', 'Mon_Wed_Thu_Fri'),
('7867', 'UA', 'Sun_Mon_Tue_Wed_Thu_Fri_Sat'),
('7869', 'WN', 'Sun_Mon_Tue_Wed_Thu_Fri_Sat'),
('7874', 'US', 'Sun_Mon_Tue_Wed_Thu_Fri_Sat'),
('7875', 'US', 'Mon_Wed_Thu_Fri'),
('7877', 'US', 'Mon_Wed_Thu_Fri'),
('7880', 'AA', 'Sun_Mon_Tue_Wed_Thu_Fri_Sat'),
('7882', 'AA', 'Sun_Mon_Tue_Wed_Thu_Fri_Sat'),
('7883', 'US', 'Sun_Mon_Tue_Wed_Thu_Fri_Sat'),
('7886', 'AA', 'Sun_Mon_Tue_Wed_Thu_Fri_Sat'),
('7889', 'B6', 'Mon_Wed_Thu_Fri'),
('789', 'AA', 'Sun_Mon_Tue_Wed_Thu_Fri_Sat'),
('7895', 'DL', 'Mon_Wed_Thu_Fri'),
('7896', 'B6', 'Mon_Wed_Thu_Fri'),
('7898', 'AA', 'Sun_Mon_Tue_Wed_Thu_Fri_Sat'),
('7901', 'AA', 'Mon_Wed_Thu_Fri'),
('7905', 'UA', 'Sun_Mon_Tue_Wed_Thu_Fri_Sat'),
('7920', 'DL', 'Sun_Mon_Tue_Wed_Thu_Fri_Sat'),
('7923', 'US', 'Sun_Mon_Tue_Wed_Thu_Fri_Sat'),
('7929', 'US', 'Sun_Mon_Tue_Wed_Thu_Fri_Sat'),
('7934', 'US', 'Sun_Mon_Tue_Wed_Thu_Fri_Sat'),
('7936', 'AA', 'Sun_Mon_Tue_Wed_Thu_Fri_Sat'),
('7937', 'UA', 'Mon_Wed_Thu_Fri'),
('7939', 'US', 'Mon_Wed_Thu_Fri'),
('7944', 'US', 'Mon_Wed_Thu_Fri'),
('7947', 'UA', 'Sun_Mon_Tue_Wed_Thu_Fri_Sat'),
('7948', 'UA', 'Mon_Wed_Thu_Fri'),
('7950', 'AA', 'Sun_Mon_Tue_Wed_Thu_Fri_Sat'),
('7952', 'UA', 'Sun_Mon_Tue_Wed_Thu_Fri_Sat'),
('7953', 'DL', 'Sun_Mon_Tue_Wed_Thu_Fri_Sat'),
('7957', 'AA', 'Sun_Mon_Tue_Wed_Thu_Fri_Sat'),
('7959', 'UA', 'Sun_Mon_Tue_Wed_Thu_Fri_Sat'),
('7966', 'US', 'Mon_Wed_Thu_Fri'),
('797', 'US', 'Sun_Mon_Tue_Wed_Thu_Fri_Sat'),
('7970', 'WN', 'Mon_Wed_Thu_Fri'),
('7971', 'AA', 'Sun_Mon_Tue_Wed_Thu_Fri_Sat'),
('7973', 'UA', 'Sun_Mon_Tue_Wed_Thu_Fri_Sat'),
('7976', 'AA', 'Mon_Wed_Thu_Fri'),
('7977', 'WN', 'Mon_Wed_Thu_Fri'),
('7980', 'UA', 'Sun_Mon_Tue_Wed_Thu_Fri_Sat'),
('7984', 'WN', 'Mon_Wed_Thu_Fri'),
('7990', 'UA', 'Sun_Mon_Tue_Wed_Thu_Fri_Sat'),
('7994', 'AA', 'Sun_Mon_Tue_Wed_Thu_Fri_Sat'),
('7997', 'UA', 'Mon_Wed_Thu_Fri'),
('7998', 'AA', 'Sun_Mon_Tue_Wed_Thu_Fri_Sat'),
('7999', 'B6', 'Sun_Mon_Tue_Wed_Thu_Fri_Sat'),
('8001', 'US', 'Sun_Mon_Tue_Wed_Thu_Fri_Sat'),
('8009', 'WN', 'Sun_Mon_Tue_Wed_Thu_Fri_Sat'),
('801', 'WN', 'Sun_Mon_Tue_Wed_Thu_Fri_Sat'),
('8010', 'WN', 'Mon_Wed_Thu_Fri'),
('8012', 'WN', 'Mon_Wed_Thu_Fri'),
('8015', 'AA', 'Mon_Wed_Thu_Fri'),
('8016', 'DL', 'Sun_Mon_Tue_Wed_Thu_Fri_Sat'),
('8018', 'UA', 'Sun_Mon_Tue_Wed_Thu_Fri_Sat'),
('8021', 'UA', 'Sun_Mon_Tue_Wed_Thu_Fri_Sat'),
('8025', 'US', 'Mon_Wed_Thu_Fri'),
('8027', 'B6', 'Mon_Wed_Thu_Fri'),
('8031', 'WN', 'Mon_Wed_Thu_Fri'),
('8037', 'UA', 'Sun_Mon_Tue_Wed_Thu_Fri_Sat'),
('8039', 'UA', 'Sun_Mon_Tue_Wed_Thu_Fri_Sat'),
('8042', 'B6', 'Sun_Mon_Tue_Wed_Thu_Fri_Sat'),
('8045', 'US', 'Mon_Wed_Thu_Fri'),
('8046', 'WN', 'Mon_Wed_Thu_Fri'),
('8050', 'DL', 'Sun_Mon_Tue_Wed_Thu_Fri_Sat'),
('8051', 'AA', 'Mon_Wed_Thu_Fri'),
('8056', 'AA', 'Mon_Wed_Thu_Fri'),
('8057', 'AA', 'Sun_Mon_Tue_Wed_Thu_Fri_Sat'),
('8058', 'WN', 'Mon_Wed_Thu_Fri'),
('8060', 'UA', 'Sun_Mon_Tue_Wed_Thu_Fri_Sat'),
('8062', 'WN', 'Sun_Mon_Tue_Wed_Thu_Fri_Sat'),
('8063', 'WN', 'Sun_Mon_Tue_Wed_Thu_Fri_Sat'),
('8065', 'AA', 'Mon_Wed_Thu_Fri'),
('8066', 'AA', 'Mon_Wed_Thu_Fri'),
('8068', 'US', 'Sun_Mon_Tue_Wed_Thu_Fri_Sat'),
('8071', 'AA', 'Sun_Mon_Tue_Wed_Thu_Fri_Sat'),
('8073', 'US', 'Sun_Mon_Tue_Wed_Thu_Fri_Sat'),
('8074', 'US', 'Mon_Wed_Thu_Fri'),
('8077', 'WN', 'Mon_Wed_Thu_Fri'),
('8081', 'UA', 'Sun_Mon_Tue_Wed_Thu_Fri_Sat'),
('8085', 'AA', 'Sun_Mon_Tue_Wed_Thu_Fri_Sat'),
('8093', 'US', 'Sun_Mon_Tue_Wed_Thu_Fri_Sat'),
('8095', 'AA', 'Mon_Wed_Thu_Fri'),
('8096', 'UA', 'Sun_Mon_Tue_Wed_Thu_Fri_Sat'),
('8098', 'WN', 'Sun_Mon_Tue_Wed_Thu_Fri_Sat'),
('81', 'DL', 'Sun_Mon_Tue_Wed_Thu_Fri_Sat'),
('8103', 'AA', 'Mon_Wed_Thu_Fri'),
('8106', 'WN', 'Sun_Mon_Tue_Wed_Thu_Fri_Sat'),
('8108', 'B6', 'Sun_Mon_Tue_Wed_Thu_Fri_Sat'),
('811', 'AA', 'Sun_Mon_Tue_Wed_Thu_Fri_Sat'),
('8111', 'DL', 'Sun_Mon_Tue_Wed_Thu_Fri_Sat'),
('8114', 'US', 'Sun_Mon_Tue_Wed_Thu_Fri_Sat'),
('8116', 'US', 'Sun_Mon_Tue_Wed_Thu_Fri_Sat'),
('8120', 'AA', 'Sun_Mon_Tue_Wed_Thu_Fri_Sat'),
('8121', 'UA', 'Mon_Wed_Thu_Fri'),
('8123', 'AA', 'Sun_Mon_Tue_Wed_Thu_Fri_Sat'),
('8129', 'WN', 'Sun_Mon_Tue_Wed_Thu_Fri_Sat'),
('813', 'US', 'Sun_Mon_Tue_Wed_Thu_Fri_Sat'),
('8137', 'AA', 'Sun_Mon_Tue_Wed_Thu_Fri_Sat'),
('8138', 'WN', 'Mon_Wed_Thu_Fri'),
('8143', 'B6', 'Sun_Mon_Tue_Wed_Thu_Fri_Sat'),
('8144', 'US', 'Mon_Wed_Thu_Fri'),
('8148', 'AA', 'Mon_Wed_Thu_Fri'),
('815', 'WN', 'Sun_Mon_Tue_Wed_Thu_Fri_Sat'),
('8154', 'AA', 'Sun_Mon_Tue_Wed_Thu_Fri_Sat'),
('8161', 'US', 'Sun_Mon_Tue_Wed_Thu_Fri_Sat'),
('8168', 'US', 'Sun_Mon_Tue_Wed_Thu_Fri_Sat'),
('8171', 'UA', 'Mon_Wed_Thu_Fri'),
('8172', 'UA', 'Sun_Mon_Tue_Wed_Thu_Fri_Sat'),
('8176', 'UA', 'Sun_Mon_Tue_Wed_Thu_Fri_Sat'),
('8177', 'WN', 'Sun_Mon_Tue_Wed_Thu_Fri_Sat'),
('8179', 'DL', 'Mon_Wed_Thu_Fri'),
('8180', 'DL', 'Sun_Mon_Tue_Wed_Thu_Fri_Sat'),
('8186', 'US', 'Sun_Mon_Tue_Wed_Thu_Fri_Sat'),
('8187', 'US', 'Sun_Mon_Tue_Wed_Thu_Fri_Sat'),
('8190', 'AA', 'Mon_Wed_Thu_Fri'),
('8193', 'UA', 'Sun_Mon_Tue_Wed_Thu_Fri_Sat'),
('8195', 'UA', 'Sun_Mon_Tue_Wed_Thu_Fri_Sat'),
('8199', 'UA', 'Mon_Wed_Thu_Fri'),
('82', 'AA', 'Sun_Mon_Tue_Wed_Thu_Fri_Sat'),
('8201', 'US', 'Sun_Mon_Tue_Wed_Thu_Fri_Sat'),
('8204', 'AA', 'Sun_Mon_Tue_Wed_Thu_Fri_Sat'),
('8211', 'AA', 'Sun_Mon_Tue_Wed_Thu_Fri_Sat'),
('8216', 'AA', 'Sun_Mon_Tue_Wed_Thu_Fri_Sat'),
('8218', 'US', 'Sun_Mon_Tue_Wed_Thu_Fri_Sat'),
('822', 'B6', 'Sun_Mon_Tue_Wed_Thu_Fri_Sat'),
('8224', 'US', 'Sun_Mon_Tue_Wed_Thu_Fri_Sat'),
('8225', 'WN', 'Sun_Mon_Tue_Wed_Thu_Fri_Sat'),
('8227', 'US', 'Sun_Mon_Tue_Wed_Thu_Fri_Sat'),
('8229', 'WN', 'Sun_Mon_Tue_Wed_Thu_Fri_Sat'),
('823', 'WN', 'Sun_Mon_Tue_Wed_Thu_Fri_Sat'),
('8232', 'AA', 'Sun_Mon_Tue_Wed_Thu_Fri_Sat'),
('8234', 'AA', 'Sun_Mon_Tue_Wed_Thu_Fri_Sat'),
('8237', 'US', 'Mon_Wed_Thu_Fri'),
('8243', 'AA', 'Sun_Mon_Tue_Wed_Thu_Fri_Sat'),
('825', 'UA', 'Sun_Mon_Tue_Wed_Thu_Fri_Sat'),
('8251', 'WN', 'Mon_Wed_Thu_Fri'),
('8256', 'UA', 'Sun_Mon_Tue_Wed_Thu_Fri_Sat'),
('8259', 'WN', 'Mon_Wed_Thu_Fri'),
('826', 'US', 'Sun_Mon_Tue_Wed_Thu_Fri_Sat'),
('8264', 'WN', 'Sun_Mon_Tue_Wed_Thu_Fri_Sat'),
('8266', 'UA', 'Sun_Mon_Tue_Wed_Thu_Fri_Sat'),
('8272', 'AA', 'Sun_Mon_Tue_Wed_Thu_Fri_Sat'),
('8274', 'US', 'Sun_Mon_Tue_Wed_Thu_Fri_Sat'),
('8276', 'AA', 'Sun_Mon_Tue_Wed_Thu_Fri_Sat'),
('8278', 'UA', 'Sun_Mon_Tue_Wed_Thu_Fri_Sat'),
('828', 'US', 'Sun_Mon_Tue_Wed_Thu_Fri_Sat'),
('8282', 'US', 'Sun_Mon_Tue_Wed_Thu_Fri_Sat'),
('8283', 'AA', 'Mon_Wed_Thu_Fri'),
('8287', 'US', 'Sun_Mon_Tue_Wed_Thu_Fri_Sat'),
('8291', 'US', 'Mon_Wed_Thu_Fri'),
('8292', 'WN', 'Sun_Mon_Tue_Wed_Thu_Fri_Sat'),
('8293', 'UA', 'Sun_Mon_Tue_Wed_Thu_Fri_Sat'),
('8295', 'US', 'Mon_Wed_Thu_Fri'),
('8296', 'DL', 'Mon_Wed_Thu_Fri'),
('8299', 'US', 'Sun_Mon_Tue_Wed_Thu_Fri_Sat'),
('83', 'US', 'Sun_Mon_Tue_Wed_Thu_Fri_Sat'),
('8304', 'AA', 'Sun_Mon_Tue_Wed_Thu_Fri_Sat'),
('8305', 'DL', 'Mon_Wed_Thu_Fri'),
('8306', 'WN', 'Sun_Mon_Tue_Wed_Thu_Fri_Sat'),
('8308', 'AA', 'Mon_Wed_Thu_Fri'),
('8310', 'WN', 'Sun_Mon_Tue_Wed_Thu_Fri_Sat'),
('8311', 'AA', 'Mon_Wed_Thu_Fri'),
('8313', 'DL', 'Sun_Mon_Tue_Wed_Thu_Fri_Sat'),
('8314', 'AA', 'Sun_Mon_Tue_Wed_Thu_Fri_Sat'),
('8318', 'UA', 'Mon_Wed_Thu_Fri'),
('8319', 'DL', 'Mon_Wed_Thu_Fri'),
('832', 'UA', 'Sun_Mon_Tue_Wed_Thu_Fri_Sat'),
('8320', 'US', 'Mon_Wed_Thu_Fri'),
('8322', 'UA', 'Sun_Mon_Tue_Wed_Thu_Fri_Sat'),
('8324', 'WN', 'Sun_Mon_Tue_Wed_Thu_Fri_Sat'),
('8327', 'DL', 'Mon_Wed_Thu_Fri'),
('8333', 'WN', 'Mon_Wed_Thu_Fri'),
('8334', 'WN', 'Sun_Mon_Tue_Wed_Thu_Fri_Sat'),
('8336', 'US', 'Mon_Wed_Thu_Fri'),
('8337', 'US', 'Sun_Mon_Tue_Wed_Thu_Fri_Sat'),
('8338', 'US', 'Sun_Mon_Tue_Wed_Thu_Fri_Sat'),
('834', 'DL', 'Mon_Wed_Thu_Fri'),
('8343', 'WN', 'Mon_Wed_Thu_Fri'),
('8346', 'WN', 'Sun_Mon_Tue_Wed_Thu_Fri_Sat'),
('8347', 'US', 'Sun_Mon_Tue_Wed_Thu_Fri_Sat'),
('835', 'WN', 'Sun_Mon_Tue_Wed_Thu_Fri_Sat'),
('8354', 'US', 'Sun_Mon_Tue_Wed_Thu_Fri_Sat'),
('836', 'US', 'Sun_Mon_Tue_Wed_Thu_Fri_Sat'),
('8361', 'US', 'Sun_Mon_Tue_Wed_Thu_Fri_Sat'),
('8363', 'US', 'Sun_Mon_Tue_Wed_Thu_Fri_Sat'),
('8364', 'AA', 'Mon_Wed_Thu_Fri'),
('8365', 'AA', 'Mon_Wed_Thu_Fri'),
('8375', 'DL', 'Mon_Wed_Thu_Fri'),
('8381', 'AA', 'Sun_Mon_Tue_Wed_Thu_Fri_Sat'),
('8383', 'WN', 'Sun_Mon_Tue_Wed_Thu_Fri_Sat'),
('8385', 'US', 'Mon_Wed_Thu_Fri'),
('8388', 'WN', 'Sun_Mon_Tue_Wed_Thu_Fri_Sat'),
('8395', 'DL', 'Mon_Wed_Thu_Fri'),
('8396', 'UA', 'Sun_Mon_Tue_Wed_Thu_Fri_Sat'),
('8399', 'AA', 'Sun_Mon_Tue_Wed_Thu_Fri_Sat'),
('840', 'WN', 'Sun_Mon_Tue_Wed_Thu_Fri_Sat'),
('8405', 'AA', 'Sun_Mon_Tue_Wed_Thu_Fri_Sat'),
('8408', 'AA', 'Sun_Mon_Tue_Wed_Thu_Fri_Sat'),
('8412', 'AA', 'Sun_Mon_Tue_Wed_Thu_Fri_Sat'),
('8418', 'US', 'Sun_Mon_Tue_Wed_Thu_Fri_Sat'),
('8419', 'AA', 'Sun_Mon_Tue_Wed_Thu_Fri_Sat'),
('8421', 'US', 'Mon_Wed_Thu_Fri'),
('8422', 'UA', 'Mon_Wed_Thu_Fri'),
('8423', 'US', 'Sun_Mon_Tue_Wed_Thu_Fri_Sat'),
('8426', 'DL', 'Sun_Mon_Tue_Wed_Thu_Fri_Sat'),
('8434', 'DL', 'Sun_Mon_Tue_Wed_Thu_Fri_Sat'),
('8436', 'US', 'Sun_Mon_Tue_Wed_Thu_Fri_Sat'),
('8440', 'AA', 'Sun_Mon_Tue_Wed_Thu_Fri_Sat'),
('8445', 'WN', 'Sun_Mon_Tue_Wed_Thu_Fri_Sat'),
('8446', 'WN', 'Mon_Wed_Thu_Fri'),
('8448', 'US', 'Sun_Mon_Tue_Wed_Thu_Fri_Sat'),
('8449', 'US', 'Sun_Mon_Tue_Wed_Thu_Fri_Sat'),
('8450', 'US', 'Sun_Mon_Tue_Wed_Thu_Fri_Sat'),
('8451', 'B6', 'Sun_Mon_Tue_Wed_Thu_Fri_Sat'),
('8453', 'B6', 'Mon_Wed_Thu_Fri'),
('8457', 'UA', 'Mon_Wed_Thu_Fri'),
('8458', 'US', 'Sun_Mon_Tue_Wed_Thu_Fri_Sat'),
('8459', 'AA', 'Sun_Mon_Tue_Wed_Thu_Fri_Sat'),
('8464', 'AA', 'Sun_Mon_Tue_Wed_Thu_Fri_Sat'),
('8466', 'AA', 'Mon_Wed_Thu_Fri'),
('8468', 'WN', 'Sun_Mon_Tue_Wed_Thu_Fri_Sat'),
('8474', 'UA', 'Mon_Wed_Thu_Fri'),
('8483', 'UA', 'Sun_Mon_Tue_Wed_Thu_Fri_Sat'),
('8484', 'UA', 'Mon_Wed_Thu_Fri'),
('8485', 'AA', 'Mon_Wed_Thu_Fri'),
('8488', 'AA', 'Sun_Mon_Tue_Wed_Thu_Fri_Sat'),
('8490', 'AA', 'Sun_Mon_Tue_Wed_Thu_Fri_Sat'),
('8491', 'AA', 'Sun_Mon_Tue_Wed_Thu_Fri_Sat'),
('8495', 'US', 'Sun_Mon_Tue_Wed_Thu_Fri_Sat'),
('8496', 'AA', 'Mon_Wed_Thu_Fri'),
('85', 'AA', 'Sun_Mon_Tue_Wed_Thu_Fri_Sat'),
('8501', 'WN', 'Sun_Mon_Tue_Wed_Thu_Fri_Sat'),
('8506', 'US', 'Mon_Wed_Thu_Fri'),
('851', 'DL', 'Sun_Mon_Tue_Wed_Thu_Fri_Sat'),
('8510', 'DL', 'Sun_Mon_Tue_Wed_Thu_Fri_Sat'),
('8512', 'UA', 'Sun_Mon_Tue_Wed_Thu_Fri_Sat'),
('8524', 'AA', 'Mon_Wed_Thu_Fri'),
('8526', 'WN', 'Mon_Wed_Thu_Fri'),
('8529', 'AA', 'Sun_Mon_Tue_Wed_Thu_Fri_Sat'),
('8532', 'DL', 'Sun_Mon_Tue_Wed_Thu_Fri_Sat'),
('8537', 'UA', 'Sun_Mon_Tue_Wed_Thu_Fri_Sat'),
('8540', 'AA', 'Sun_Mon_Tue_Wed_Thu_Fri_Sat'),
('8541', 'UA', 'Sun_Mon_Tue_Wed_Thu_Fri_Sat'),
('8544', 'WN', 'Sun_Mon_Tue_Wed_Thu_Fri_Sat'),
('8545', 'WN', 'Mon_Wed_Thu_Fri'),
('8549', 'WN', 'Sun_Mon_Tue_Wed_Thu_Fri_Sat'),
('8552', 'US', 'Mon_Wed_Thu_Fri'),
('8557', 'US', 'Sun_Mon_Tue_Wed_Thu_Fri_Sat'),
('8558', 'WN', 'Mon_Wed_Thu_Fri'),
('8559', 'UA', 'Sun_Mon_Tue_Wed_Thu_Fri_Sat'),
('856', 'AA', 'Mon_Wed_Thu_Fri'),
('8569', 'UA', 'Mon_Wed_Thu_Fri'),
('857', 'DL', 'Mon_Wed_Thu_Fri'),
('8572', 'US', 'Mon_Wed_Thu_Fri'),
('8575', 'B6', 'Sun_Mon_Tue_Wed_Thu_Fri_Sat'),
('8577', 'US', 'Sun_Mon_Tue_Wed_Thu_Fri_Sat'),
('8578', 'UA', 'Sun_Mon_Tue_Wed_Thu_Fri_Sat'),
('8581', 'US', 'Sun_Mon_Tue_Wed_Thu_Fri_Sat'),
('8582', 'UA', 'Sun_Mon_Tue_Wed_Thu_Fri_Sat'),
('8584', 'WN', 'Sun_Mon_Tue_Wed_Thu_Fri_Sat'),
('8585', 'UA', 'Sun_Mon_Tue_Wed_Thu_Fri_Sat'),
('8586', 'UA', 'Mon_Wed_Thu_Fri'),
('8588', 'WN', 'Mon_Wed_Thu_Fri'),
('8590', 'WN', 'Sun_Mon_Tue_Wed_Thu_Fri_Sat'),
('8593', 'DL', 'Mon_Wed_Thu_Fri'),
('8596', 'AA', 'Sun_Mon_Tue_Wed_Thu_Fri_Sat'),
('8597', 'US', 'Mon_Wed_Thu_Fri'),
('8600', 'WN', 'Sun_Mon_Tue_Wed_Thu_Fri_Sat'),
('8605', 'AA', 'Mon_Wed_Thu_Fri'),
('8606', 'B6', 'Mon_Wed_Thu_Fri'),
('8607', 'DL', 'Sun_Mon_Tue_Wed_Thu_Fri_Sat'),
('8608', 'UA', 'Sun_Mon_Tue_Wed_Thu_Fri_Sat'),
('8611', 'AA', 'Sun_Mon_Tue_Wed_Thu_Fri_Sat'),
('8615', 'AA', 'Sun_Mon_Tue_Wed_Thu_Fri_Sat'),
('8616', 'WN', 'Sun_Mon_Tue_Wed_Thu_Fri_Sat'),
('8620', 'AA', 'Sun_Mon_Tue_Wed_Thu_Fri_Sat'),
('8621', 'B6', 'Sun_Mon_Tue_Wed_Thu_Fri_Sat'),
('8626', 'WN', 'Sun_Mon_Tue_Wed_Thu_Fri_Sat'),
('8627', 'DL', 'Mon_Wed_Thu_Fri'),
('8630', 'AA', 'Sun_Mon_Tue_Wed_Thu_Fri_Sat'),
('8633', 'US', 'Sun_Mon_Tue_Wed_Thu_Fri_Sat'),
('8634', 'B6', 'Sun_Mon_Tue_Wed_Thu_Fri_Sat'),
('8641', 'UA', 'Sun_Mon_Tue_Wed_Thu_Fri_Sat'),
('8643', 'UA', 'Sun_Mon_Tue_Wed_Thu_Fri_Sat'),
('8644', 'AA', 'Sun_Mon_Tue_Wed_Thu_Fri_Sat'),
('8647', 'WN', 'Mon_Wed_Thu_Fri'),
('8648', 'WN', 'Sun_Mon_Tue_Wed_Thu_Fri_Sat'),
('8650', 'WN', 'Sun_Mon_Tue_Wed_Thu_Fri_Sat'),
('8651', 'WN', 'Sun_Mon_Tue_Wed_Thu_Fri_Sat'),
('8655', 'B6', 'Sun_Mon_Tue_Wed_Thu_Fri_Sat'),
('8659', 'US', 'Sun_Mon_Tue_Wed_Thu_Fri_Sat'),
('8661', 'DL', 'Mon_Wed_Thu_Fri'),
('8664', 'AA', 'Mon_Wed_Thu_Fri'),
('8669', 'AA', 'Mon_Wed_Thu_Fri'),
('8671', 'DL', 'Sun_Mon_Tue_Wed_Thu_Fri_Sat'),
('8672', 'WN', 'Sun_Mon_Tue_Wed_Thu_Fri_Sat'),
('8673', 'US', 'Sun_Mon_Tue_Wed_Thu_Fri_Sat'),
('868', 'WN', 'Sun_Mon_Tue_Wed_Thu_Fri_Sat'),
('8681', 'UA', 'Sun_Mon_Tue_Wed_Thu_Fri_Sat'),
('8688', 'UA', 'Sun_Mon_Tue_Wed_Thu_Fri_Sat'),
('8691', 'DL', 'Mon_Wed_Thu_Fri'),
('8694', 'UA', 'Mon_Wed_Thu_Fri'),
('8697', 'US', 'Sun_Mon_Tue_Wed_Thu_Fri_Sat'),
('8698', 'US', 'Mon_Wed_Thu_Fri'),
('87', 'AA', 'Mon_Wed_Thu_Fri'),
('870', 'US', 'Mon_Wed_Thu_Fri'),
('8700', 'UA', 'Mon_Wed_Thu_Fri'),
('8714', 'DL', 'Sun_Mon_Tue_Wed_Thu_Fri_Sat'),
('8719', 'AA', 'Sun_Mon_Tue_Wed_Thu_Fri_Sat'),
('872', 'B6', 'Sun_Mon_Tue_Wed_Thu_Fri_Sat'),
('8721', 'AA', 'Sun_Mon_Tue_Wed_Thu_Fri_Sat'),
('8725', 'UA', 'Sun_Mon_Tue_Wed_Thu_Fri_Sat'),
('8726', 'US', 'Mon_Wed_Thu_Fri'),
('8730', 'US', 'Sun_Mon_Tue_Wed_Thu_Fri_Sat'),
('8732', 'WN', 'Sun_Mon_Tue_Wed_Thu_Fri_Sat'),
('8737', 'AA', 'Mon_Wed_Thu_Fri'),
('8738', 'UA', 'Sun_Mon_Tue_Wed_Thu_Fri_Sat'),
('8739', 'AA', 'Sun_Mon_Tue_Wed_Thu_Fri_Sat'),
('874', 'B6', 'Mon_Wed_Thu_Fri'),
('8742', 'WN', 'Sun_Mon_Tue_Wed_Thu_Fri_Sat'),
('8743', 'AA', 'Sun_Mon_Tue_Wed_Thu_Fri_Sat'),
('8745', 'US', 'Mon_Wed_Thu_Fri'),
('8746', 'US', 'Sun_Mon_Tue_Wed_Thu_Fri_Sat'),
('8747', 'AA', 'Sun_Mon_Tue_Wed_Thu_Fri_Sat'),
('8751', 'US', 'Sun_Mon_Tue_Wed_Thu_Fri_Sat'),
('8752', 'DL', 'Sun_Mon_Tue_Wed_Thu_Fri_Sat'),
('8753', 'WN', 'Mon_Wed_Thu_Fri'),
('8759', 'DL', 'Sun_Mon_Tue_Wed_Thu_Fri_Sat'),
('8760', 'US', 'Sun_Mon_Tue_Wed_Thu_Fri_Sat'),
('8763', 'AA', 'Sun_Mon_Tue_Wed_Thu_Fri_Sat'),
('8764', 'DL', 'Sun_Mon_Tue_Wed_Thu_Fri_Sat'),
('8765', 'WN', 'Sun_Mon_Tue_Wed_Thu_Fri_Sat'),
('8767', 'DL', 'Mon_Wed_Thu_Fri'),
('8769', 'AA', 'Mon_Wed_Thu_Fri'),
('8770', 'UA', 'Mon_Wed_Thu_Fri'),
('8776', 'AA', 'Sun_Mon_Tue_Wed_Thu_Fri_Sat'),
('8777', 'US', 'Sun_Mon_Tue_Wed_Thu_Fri_Sat'),
('8779', 'WN', 'Sun_Mon_Tue_Wed_Thu_Fri_Sat'),
('8780', 'WN', 'Sun_Mon_Tue_Wed_Thu_Fri_Sat'),
('8781', 'US', 'Mon_Wed_Thu_Fri'),
('8784', 'AA', 'Sun_Mon_Tue_Wed_Thu_Fri_Sat'),
('8786', 'B6', 'Sun_Mon_Tue_Wed_Thu_Fri_Sat'),
('8788', 'DL', 'Sun_Mon_Tue_Wed_Thu_Fri_Sat'),
('8792', 'US', 'Sun_Mon_Tue_Wed_Thu_Fri_Sat'),
('8796', 'AA', 'Sun_Mon_Tue_Wed_Thu_Fri_Sat'),
('8799', 'DL', 'Sun_Mon_Tue_Wed_Thu_Fri_Sat'),
('880', 'WN', 'Sun_Mon_Tue_Wed_Thu_Fri_Sat'),
('8800', 'US', 'Sun_Mon_Tue_Wed_Thu_Fri_Sat'),
('8809', 'DL', 'Sun_Mon_Tue_Wed_Thu_Fri_Sat'),
('8812', 'US', 'Mon_Wed_Thu_Fri'),
('8817', 'US', 'Sun_Mon_Tue_Wed_Thu_Fri_Sat'),
('8818', 'DL', 'Mon_Wed_Thu_Fri'),
('8819', 'US', 'Sun_Mon_Tue_Wed_Thu_Fri_Sat'),
('8822', 'UA', 'Sun_Mon_Tue_Wed_Thu_Fri_Sat'),
('8824', 'WN', 'Sun_Mon_Tue_Wed_Thu_Fri_Sat'),
('8826', 'UA', 'Sun_Mon_Tue_Wed_Thu_Fri_Sat'),
('8830', 'US', 'Mon_Wed_Thu_Fri'),
('8832', 'US', 'Mon_Wed_Thu_Fri'),
('8835', 'AA', 'Sun_Mon_Tue_Wed_Thu_Fri_Sat'),
('8839', 'AA', 'Sun_Mon_Tue_Wed_Thu_Fri_Sat'),
('8843', 'UA', 'Sun_Mon_Tue_Wed_Thu_Fri_Sat'),
('8847', 'US', 'Sun_Mon_Tue_Wed_Thu_Fri_Sat'),
('8852', 'WN', 'Mon_Wed_Thu_Fri'),
('8853', 'US', 'Mon_Wed_Thu_Fri'),
('8856', 'WN', 'Sun_Mon_Tue_Wed_Thu_Fri_Sat'),
('8858', 'B6', 'Sun_Mon_Tue_Wed_Thu_Fri_Sat'),
('8860', 'DL', 'Sun_Mon_Tue_Wed_Thu_Fri_Sat'),
('8861', 'WN', 'Sun_Mon_Tue_Wed_Thu_Fri_Sat'),
('8863', 'AA', 'Mon_Wed_Thu_Fri'),
('8866', 'WN', 'Mon_Wed_Thu_Fri'),
('8874', 'DL', 'Sun_Mon_Tue_Wed_Thu_Fri_Sat'),
('8877', 'AA', 'Sun_Mon_Tue_Wed_Thu_Fri_Sat'),
('8880', 'US', 'Sun_Mon_Tue_Wed_Thu_Fri_Sat'),
('8887', 'US', 'Mon_Wed_Thu_Fri'),
('889', 'US', 'Sun_Mon_Tue_Wed_Thu_Fri_Sat'),
('8892', 'AA', 'Mon_Wed_Thu_Fri'),
('8893', 'WN', 'Sun_Mon_Tue_Wed_Thu_Fri_Sat'),
('8895', 'WN', 'Mon_Wed_Thu_Fri'),
('8896', 'AA', 'Sun_Mon_Tue_Wed_Thu_Fri_Sat'),
('8897', 'AA', 'Sun_Mon_Tue_Wed_Thu_Fri_Sat'),
('8898', 'DL', 'Sun_Mon_Tue_Wed_Thu_Fri_Sat'),
('890', 'DL', 'Sun_Mon_Tue_Wed_Thu_Fri_Sat'),
('8904', 'AA', 'Sun_Mon_Tue_Wed_Thu_Fri_Sat'),
('8906', 'B6', 'Sun_Mon_Tue_Wed_Thu_Fri_Sat'),
('8907', 'WN', 'Mon_Wed_Thu_Fri'),
('891', 'DL', 'Mon_Wed_Thu_Fri'),
('8910', 'AA', 'Mon_Wed_Thu_Fri'),
('8915', 'US', 'Mon_Wed_Thu_Fri'),
('8922', 'AA', 'Mon_Wed_Thu_Fri'),
('8923', 'DL', 'Sun_Mon_Tue_Wed_Thu_Fri_Sat'),
('8928', 'DL', 'Mon_Wed_Thu_Fri'),
('893', 'WN', 'Mon_Wed_Thu_Fri'),
('8931', 'AA', 'Sun_Mon_Tue_Wed_Thu_Fri_Sat'),
('8933', 'WN', 'Mon_Wed_Thu_Fri'),
('8935', 'B6', 'Sun_Mon_Tue_Wed_Thu_Fri_Sat'),
('8936', 'UA', 'Mon_Wed_Thu_Fri'),
('8939', 'AA', 'Mon_Wed_Thu_Fri'),
('8940', 'WN', 'Sun_Mon_Tue_Wed_Thu_Fri_Sat'),
('8945', 'AA', 'Sun_Mon_Tue_Wed_Thu_Fri_Sat'),
('8948', 'AA', 'Sun_Mon_Tue_Wed_Thu_Fri_Sat'),
('8949', 'AA', 'Sun_Mon_Tue_Wed_Thu_Fri_Sat'),
('8952', 'WN', 'Sun_Mon_Tue_Wed_Thu_Fri_Sat'),
('8954', 'WN', 'Sun_Mon_Tue_Wed_Thu_Fri_Sat'),
('8956', 'UA', 'Mon_Wed_Thu_Fri'),
('8957', 'B6', 'Sun_Mon_Tue_Wed_Thu_Fri_Sat'),
('896', 'AA', 'Sun_Mon_Tue_Wed_Thu_Fri_Sat'),
('8960', 'UA', 'Sun_Mon_Tue_Wed_Thu_Fri_Sat'),
('8965', 'US', 'Sun_Mon_Tue_Wed_Thu_Fri_Sat'),
('8967', 'US', 'Sun_Mon_Tue_Wed_Thu_Fri_Sat'),
('8970', 'US', 'Sun_Mon_Tue_Wed_Thu_Fri_Sat'),
('8971', 'UA', 'Sun_Mon_Tue_Wed_Thu_Fri_Sat'),
('8972', 'AA', 'Sun_Mon_Tue_Wed_Thu_Fri_Sat'),
('8978', 'UA', 'Mon_Wed_Thu_Fri'),
('898', 'AA', 'Sun_Mon_Tue_Wed_Thu_Fri_Sat'),
('8980', 'US', 'Sun_Mon_Tue_Wed_Thu_Fri_Sat'),
('8984', 'WN', 'Mon_Wed_Thu_Fri'),
('899', 'AA', 'Sun_Mon_Tue_Wed_Thu_Fri_Sat'),
('8990', 'UA', 'Sun_Mon_Tue_Wed_Thu_Fri_Sat'),
('8993', 'AA', 'Mon_Wed_Thu_Fri'),
('8995', 'DL', 'Sun_Mon_Tue_Wed_Thu_Fri_Sat'),
('8996', 'B6', 'Sun_Mon_Tue_Wed_Thu_Fri_Sat'),
('9001', 'US', 'Mon_Wed_Thu_Fri'),
('9002', 'DL', 'Sun_Mon_Tue_Wed_Thu_Fri_Sat'),
('9006', 'AA', 'Sun_Mon_Tue_Wed_Thu_Fri_Sat'),
('9007', 'AA', 'Mon_Wed_Thu_Fri'),
('9010', 'US', 'Sun_Mon_Tue_Wed_Thu_Fri_Sat'),
('9019', 'WN', 'Mon_Wed_Thu_Fri'),
('9020', 'AA', 'Sun_Mon_Tue_Wed_Thu_Fri_Sat'),
('9021', 'UA', 'Mon_Wed_Thu_Fri'),
('9028', 'DL', 'Sun_Mon_Tue_Wed_Thu_Fri_Sat'),
('903', 'US', 'Sun_Mon_Tue_Wed_Thu_Fri_Sat'),
('9034', 'AA', 'Sun_Mon_Tue_Wed_Thu_Fri_Sat'),
('9035', 'WN', 'Sun_Mon_Tue_Wed_Thu_Fri_Sat'),
('9037', 'WN', 'Sun_Mon_Tue_Wed_Thu_Fri_Sat'),
('9038', 'WN', 'Mon_Wed_Thu_Fri'),
('9039', 'WN', 'Sun_Mon_Tue_Wed_Thu_Fri_Sat'),
('904', 'AA', 'Sun_Mon_Tue_Wed_Thu_Fri_Sat'),
('9043', 'WN', 'Mon_Wed_Thu_Fri'),
('9051', 'WN', 'Sun_Mon_Tue_Wed_Thu_Fri_Sat'),
('9054', 'UA', 'Sun_Mon_Tue_Wed_Thu_Fri_Sat'),
('9055', 'WN', 'Sun_Mon_Tue_Wed_Thu_Fri_Sat'),
('9061', 'AA', 'Sun_Mon_Tue_Wed_Thu_Fri_Sat'),
('9062', 'AA', 'Sun_Mon_Tue_Wed_Thu_Fri_Sat'),
('9063', 'UA', 'Sun_Mon_Tue_Wed_Thu_Fri_Sat'),
('9064', 'WN', 'Mon_Wed_Thu_Fri'),
('9066', 'WN', 'Sun_Mon_Tue_Wed_Thu_Fri_Sat'),
('907', 'AA', 'Mon_Wed_Thu_Fri'),
('9070', 'DL', 'Mon_Wed_Thu_Fri'),
('9072', 'AA', 'Sun_Mon_Tue_Wed_Thu_Fri_Sat'),
('9073', 'US', 'Sun_Mon_Tue_Wed_Thu_Fri_Sat'),
('9079', 'US', 'Mon_Wed_Thu_Fri'),
('9081', 'DL', 'Sun_Mon_Tue_Wed_Thu_Fri_Sat'),
('9083', 'DL', 'Mon_Wed_Thu_Fri'),
('9085', 'US', 'Sun_Mon_Tue_Wed_Thu_Fri_Sat'),
('9086', 'DL', 'Sun_Mon_Tue_Wed_Thu_Fri_Sat'),
('9087', 'AA', 'Sun_Mon_Tue_Wed_Thu_Fri_Sat'),
('9088', 'US', 'Mon_Wed_Thu_Fri'),
('9090', 'UA', 'Sun_Mon_Tue_Wed_Thu_Fri_Sat'),
('9093', 'AA', 'Mon_Wed_Thu_Fri'),
('9097', 'US', 'Mon_Wed_Thu_Fri'),
('9100', 'US', 'Mon_Wed_Thu_Fri'),
('9106', 'US', 'Sun_Mon_Tue_Wed_Thu_Fri_Sat'),
('9107', 'WN', 'Sun_Mon_Tue_Wed_Thu_Fri_Sat'),
('9108', 'WN', 'Sun_Mon_Tue_Wed_Thu_Fri_Sat'),
('911', 'AA', 'Sun_Mon_Tue_Wed_Thu_Fri_Sat'),
('9110', 'WN', 'Sun_Mon_Tue_Wed_Thu_Fri_Sat'),
('9115', 'US', 'Sun_Mon_Tue_Wed_Thu_Fri_Sat'),
('9117', 'UA', 'Sun_Mon_Tue_Wed_Thu_Fri_Sat'),
('9119', 'WN', 'Sun_Mon_Tue_Wed_Thu_Fri_Sat'),
('9120', 'UA', 'Sun_Mon_Tue_Wed_Thu_Fri_Sat'),
('9121', 'WN', 'Mon_Wed_Thu_Fri'),
('9123', 'WN', 'Sun_Mon_Tue_Wed_Thu_Fri_Sat'),
('9124', 'WN', 'Sun_Mon_Tue_Wed_Thu_Fri_Sat'),
('9125', 'AA', 'Mon_Wed_Thu_Fri'),
('9126', 'B6', 'Sun_Mon_Tue_Wed_Thu_Fri_Sat'),
('9132', 'AA', 'Sun_Mon_Tue_Wed_Thu_Fri_Sat'),
('9133', 'DL', 'Sun_Mon_Tue_Wed_Thu_Fri_Sat'),
('9134', 'US', 'Sun_Mon_Tue_Wed_Thu_Fri_Sat'),
('9137', 'AA', 'Sun_Mon_Tue_Wed_Thu_Fri_Sat'),
('9140', 'AA', 'Mon_Wed_Thu_Fri'),
('9141', 'WN', 'Sun_Mon_Tue_Wed_Thu_Fri_Sat'),
('9142', 'B6', 'Mon_Wed_Thu_Fri'),
('9144', 'US', 'Mon_Wed_Thu_Fri'),
('9145', 'UA', 'Sun_Mon_Tue_Wed_Thu_Fri_Sat'),
('9146', 'AA', 'Sun_Mon_Tue_Wed_Thu_Fri_Sat'),
('9147', 'B6', 'Mon_Wed_Thu_Fri'),
('9152', 'B6', 'Sun_Mon_Tue_Wed_Thu_Fri_Sat'),
('9153', 'B6', 'Sun_Mon_Tue_Wed_Thu_Fri_Sat'),
('9155', 'US', 'Mon_Wed_Thu_Fri'),
('9156', 'US', 'Sun_Mon_Tue_Wed_Thu_Fri_Sat'),
('9157', 'UA', 'Sun_Mon_Tue_Wed_Thu_Fri_Sat'),
('9160', 'UA', 'Sun_Mon_Tue_Wed_Thu_Fri_Sat'),
('9162', 'WN', 'Sun_Mon_Tue_Wed_Thu_Fri_Sat'),
('9166', 'US', 'Mon_Wed_Thu_Fri'),
('9167', 'UA', 'Sun_Mon_Tue_Wed_Thu_Fri_Sat'),
('9169', 'UA', 'Sun_Mon_Tue_Wed_Thu_Fri_Sat'),
('9170', 'WN', 'Sun_Mon_Tue_Wed_Thu_Fri_Sat'),
('9172', 'DL', 'Sun_Mon_Tue_Wed_Thu_Fri_Sat'),
('9176', 'WN', 'Mon_Wed_Thu_Fri'),
('9179', 'DL', 'Sun_Mon_Tue_Wed_Thu_Fri_Sat'),
('918', 'US', 'Sun_Mon_Tue_Wed_Thu_Fri_Sat'),
('9183', 'WN', 'Sun_Mon_Tue_Wed_Thu_Fri_Sat'),
('9185', 'AA', 'Sun_Mon_Tue_Wed_Thu_Fri_Sat'),
('9189', 'DL', 'Sun_Mon_Tue_Wed_Thu_Fri_Sat'),
('919', 'WN', 'Sun_Mon_Tue_Wed_Thu_Fri_Sat'),
('9190', 'US', 'Sun_Mon_Tue_Wed_Thu_Fri_Sat'),
('9192', 'B6', 'Sun_Mon_Tue_Wed_Thu_Fri_Sat'),
('9196', 'US', 'Sun_Mon_Tue_Wed_Thu_Fri_Sat'),
('9199', 'AA', 'Sun_Mon_Tue_Wed_Thu_Fri_Sat'),
('92', 'UA', 'Sun_Mon_Tue_Wed_Thu_Fri_Sat'),
('9201', 'DL', 'Sun_Mon_Tue_Wed_Thu_Fri_Sat'),
('9204', 'DL', 'Sun_Mon_Tue_Wed_Thu_Fri_Sat'),
('9205', 'UA', 'Mon_Wed_Thu_Fri'),
('9207', 'US', 'Sun_Mon_Tue_Wed_Thu_Fri_Sat'),
('9213', 'UA', 'Sun_Mon_Tue_Wed_Thu_Fri_Sat'),
('9216', 'DL', 'Mon_Wed_Thu_Fri'),
('9221', 'WN', 'Sun_Mon_Tue_Wed_Thu_Fri_Sat'),
('9227', 'UA', 'Mon_Wed_Thu_Fri'),
('9230', 'US', 'Mon_Wed_Thu_Fri'),
('9232', 'DL', 'Sun_Mon_Tue_Wed_Thu_Fri_Sat'),
('9236', 'US', 'Sun_Mon_Tue_Wed_Thu_Fri_Sat'),
('924', 'DL', 'Mon_Wed_Thu_Fri'),
('9241', 'US', 'Sun_Mon_Tue_Wed_Thu_Fri_Sat'),
('9245', 'DL', 'Sun_Mon_Tue_Wed_Thu_Fri_Sat'),
('9251', 'WN', 'Sun_Mon_Tue_Wed_Thu_Fri_Sat'),
('9253', 'UA', 'Sun_Mon_Tue_Wed_Thu_Fri_Sat'),
('9255', 'AA', 'Mon_Wed_Thu_Fri'),
('9258', 'DL', 'Mon_Wed_Thu_Fri'),
('9259', 'WN', 'Sun_Mon_Tue_Wed_Thu_Fri_Sat'),
('926', 'UA', 'Mon_Wed_Thu_Fri'),
('9267', 'UA', 'Mon_Wed_Thu_Fri'),
('9268', 'WN', 'Mon_Wed_Thu_Fri'),
('9270', 'DL', 'Mon_Wed_Thu_Fri'),
('9271', 'US', 'Mon_Wed_Thu_Fri'),
('9273', 'DL', 'Mon_Wed_Thu_Fri'),
('9277', 'AA', 'Sun_Mon_Tue_Wed_Thu_Fri_Sat'),
('9281', 'DL', 'Mon_Wed_Thu_Fri'),
('9283', 'UA', 'Sun_Mon_Tue_Wed_Thu_Fri_Sat'),
('9284', 'WN', 'Sun_Mon_Tue_Wed_Thu_Fri_Sat'),
('9285', 'AA', 'Mon_Wed_Thu_Fri'),
('929', 'US', 'Sun_Mon_Tue_Wed_Thu_Fri_Sat'),
('9290', 'B6', 'Sun_Mon_Tue_Wed_Thu_Fri_Sat'),
('9291', 'US', 'Sun_Mon_Tue_Wed_Thu_Fri_Sat'),
('9292', 'B6', 'Sun_Mon_Tue_Wed_Thu_Fri_Sat'),
('9293', 'UA', 'Sun_Mon_Tue_Wed_Thu_Fri_Sat'),
('9294', 'DL', 'Sun_Mon_Tue_Wed_Thu_Fri_Sat'),
('9298', 'US', 'Sun_Mon_Tue_Wed_Thu_Fri_Sat'),
('930', 'AA', 'Sun_Mon_Tue_Wed_Thu_Fri_Sat'),
('9303', 'UA', 'Mon_Wed_Thu_Fri'),
('9304', 'WN', 'Sun_Mon_Tue_Wed_Thu_Fri_Sat'),
('9309', 'AA', 'Sun_Mon_Tue_Wed_Thu_Fri_Sat'),
('9311', 'WN', 'Sun_Mon_Tue_Wed_Thu_Fri_Sat'),
('9318', 'WN', 'Sun_Mon_Tue_Wed_Thu_Fri_Sat'),
('9321', 'US', 'Sun_Mon_Tue_Wed_Thu_Fri_Sat'),
('9322', 'WN', 'Sun_Mon_Tue_Wed_Thu_Fri_Sat'),
('9323', 'UA', 'Sun_Mon_Tue_Wed_Thu_Fri_Sat'),
('9324', 'AA', 'Mon_Wed_Thu_Fri'),
('9326', 'AA', 'Sun_Mon_Tue_Wed_Thu_Fri_Sat'),
('9329', 'US', 'Mon_Wed_Thu_Fri'),
('9330', 'DL', 'Sun_Mon_Tue_Wed_Thu_Fri_Sat'),
('9332', 'US', 'Sun_Mon_Tue_Wed_Thu_Fri_Sat'),
('9334', 'DL', 'Sun_Mon_Tue_Wed_Thu_Fri_Sat'),
('9335', 'UA', 'Sun_Mon_Tue_Wed_Thu_Fri_Sat'),
('9339', 'DL', 'Sun_Mon_Tue_Wed_Thu_Fri_Sat'),
('9344', 'DL', 'Sun_Mon_Tue_Wed_Thu_Fri_Sat'),
('9348', 'DL', 'Sun_Mon_Tue_Wed_Thu_Fri_Sat'),
('935', 'US', 'Sun_Mon_Tue_Wed_Thu_Fri_Sat'),
('9351', 'UA', 'Sun_Mon_Tue_Wed_Thu_Fri_Sat'),
('9352', 'WN', 'Sun_Mon_Tue_Wed_Thu_Fri_Sat'),
('9358', 'US', 'Sun_Mon_Tue_Wed_Thu_Fri_Sat'),
('9359', 'B6', 'Sun_Mon_Tue_Wed_Thu_Fri_Sat'),
('9360', 'US', 'Sun_Mon_Tue_Wed_Thu_Fri_Sat'),
('9362', 'AA', 'Sun_Mon_Tue_Wed_Thu_Fri_Sat'),
('9364', 'WN', 'Sun_Mon_Tue_Wed_Thu_Fri_Sat'),
('9368', 'WN', 'Mon_Wed_Thu_Fri'),
('9369', 'AA', 'Sun_Mon_Tue_Wed_Thu_Fri_Sat'),
('9370', 'DL', 'Mon_Wed_Thu_Fri'),
('9371', 'WN', 'Mon_Wed_Thu_Fri'),
('9374', 'AA', 'Sun_Mon_Tue_Wed_Thu_Fri_Sat'),
('9376', 'US', 'Mon_Wed_Thu_Fri'),
('9379', 'AA', 'Mon_Wed_Thu_Fri'),
('9381', 'UA', 'Sun_Mon_Tue_Wed_Thu_Fri_Sat'),
('9384', 'WN', 'Sun_Mon_Tue_Wed_Thu_Fri_Sat'),
('9385', 'DL', 'Mon_Wed_Thu_Fri'),
('9387', 'WN', 'Sun_Mon_Tue_Wed_Thu_Fri_Sat'),
('9391', 'AA', 'Mon_Wed_Thu_Fri'),
('9393', 'UA', 'Sun_Mon_Tue_Wed_Thu_Fri_Sat'),
('9397', 'UA', 'Sun_Mon_Tue_Wed_Thu_Fri_Sat'),
('9399', 'DL', 'Sun_Mon_Tue_Wed_Thu_Fri_Sat'),
('94', 'US', 'Sun_Mon_Tue_Wed_Thu_Fri_Sat'),
('9400', 'DL', 'Sun_Mon_Tue_Wed_Thu_Fri_Sat'),
('9401', 'UA', 'Sun_Mon_Tue_Wed_Thu_Fri_Sat'),
('9415', 'US', 'Mon_Wed_Thu_Fri'),
('9420', 'DL', 'Mon_Wed_Thu_Fri'),
('9421', 'UA', 'Sun_Mon_Tue_Wed_Thu_Fri_Sat'),
('9423', 'AA', 'Mon_Wed_Thu_Fri'),
('9429', 'DL', 'Mon_Wed_Thu_Fri'),
('9431', 'B6', 'Mon_Wed_Thu_Fri'),
('9435', 'US', 'Mon_Wed_Thu_Fri'),
('9440', 'WN', 'Mon_Wed_Thu_Fri'),
('9443', 'AA', 'Mon_Wed_Thu_Fri'),
('9444', 'UA', 'Mon_Wed_Thu_Fri'),
('9445', 'UA', 'Sun_Mon_Tue_Wed_Thu_Fri_Sat'),
('9449', 'AA', 'Mon_Wed_Thu_Fri'),
('945', 'WN', 'Sun_Mon_Tue_Wed_Thu_Fri_Sat'),
('9450', 'UA', 'Sun_Mon_Tue_Wed_Thu_Fri_Sat'),
('9453', 'WN', 'Mon_Wed_Thu_Fri'),
('9456', 'US', 'Sun_Mon_Tue_Wed_Thu_Fri_Sat'),
('9457', 'AA', 'Sun_Mon_Tue_Wed_Thu_Fri_Sat'),
('9460', 'AA', 'Sun_Mon_Tue_Wed_Thu_Fri_Sat'),
('9463', 'WN', 'Mon_Wed_Thu_Fri'),
('9466', 'AA', 'Mon_Wed_Thu_Fri'),
('9473', 'US', 'Mon_Wed_Thu_Fri'),
('9474', 'AA', 'Mon_Wed_Thu_Fri'),
('9476', 'AA', 'Sun_Mon_Tue_Wed_Thu_Fri_Sat'),
('9477', 'UA', 'Sun_Mon_Tue_Wed_Thu_Fri_Sat'),
('9478', 'DL', 'Sun_Mon_Tue_Wed_Thu_Fri_Sat'),
('948', 'US', 'Sun_Mon_Tue_Wed_Thu_Fri_Sat'),
('9482', 'WN', 'Sun_Mon_Tue_Wed_Thu_Fri_Sat'),
('9485', 'AA', 'Sun_Mon_Tue_Wed_Thu_Fri_Sat'),
('9489', 'WN', 'Mon_Wed_Thu_Fri'),
('9492', 'US', 'Sun_Mon_Tue_Wed_Thu_Fri_Sat'),
('9494', 'US', 'Sun_Mon_Tue_Wed_Thu_Fri_Sat'),
('9495', 'WN', 'Mon_Wed_Thu_Fri'),
('9496', 'US', 'Sun_Mon_Tue_Wed_Thu_Fri_Sat'),
('9499', 'WN', 'Sun_Mon_Tue_Wed_Thu_Fri_Sat'),
('950', 'US', 'Sun_Mon_Tue_Wed_Thu_Fri_Sat'),
('9502', 'AA', 'Sun_Mon_Tue_Wed_Thu_Fri_Sat'),
('9503', 'AA', 'Mon_Wed_Thu_Fri'),
('9506', 'AA', 'Sun_Mon_Tue_Wed_Thu_Fri_Sat'),
('9509', 'WN', 'Mon_Wed_Thu_Fri'),
('9510', 'WN', 'Sun_Mon_Tue_Wed_Thu_Fri_Sat'),
('9511', 'UA', 'Sun_Mon_Tue_Wed_Thu_Fri_Sat'),
('9512', 'AA', 'Sun_Mon_Tue_Wed_Thu_Fri_Sat'),
('9517', 'AA', 'Mon_Wed_Thu_Fri'),
('9522', 'DL', 'Mon_Wed_Thu_Fri'),
('9523', 'WN', 'Sun_Mon_Tue_Wed_Thu_Fri_Sat'),
('9533', 'WN', 'Sun_Mon_Tue_Wed_Thu_Fri_Sat'),
('9537', 'US', 'Mon_Wed_Thu_Fri'),
('9538', 'UA', 'Sun_Mon_Tue_Wed_Thu_Fri_Sat'),
('954', 'US', 'Sun_Mon_Tue_Wed_Thu_Fri_Sat'),
('9545', 'US', 'Sun_Mon_Tue_Wed_Thu_Fri_Sat'),
('9546', 'US', 'Mon_Wed_Thu_Fri'),
('9547', 'AA', 'Mon_Wed_Thu_Fri'),
('9556', 'AA', 'Mon_Wed_Thu_Fri'),
('9559', 'US', 'Sun_Mon_Tue_Wed_Thu_Fri_Sat'),
('956', 'UA', 'Sun_Mon_Tue_Wed_Thu_Fri_Sat'),
('9560', 'AA', 'Mon_Wed_Thu_Fri'),
('957', 'AA', 'Sun_Mon_Tue_Wed_Thu_Fri_Sat'),
('9570', 'DL', 'Mon_Wed_Thu_Fri'),
('9571', 'US', 'Mon_Wed_Thu_Fri'),
('9573', 'US', 'Sun_Mon_Tue_Wed_Thu_Fri_Sat'),
('9575', 'DL', 'Mon_Wed_Thu_Fri'),
('9576', 'B6', 'Mon_Wed_Thu_Fri'),
('9578', 'DL', 'Sun_Mon_Tue_Wed_Thu_Fri_Sat'),
('9581', 'US', 'Sun_Mon_Tue_Wed_Thu_Fri_Sat'),
('9582', 'WN', 'Mon_Wed_Thu_Fri'),
('9583', 'UA', 'Mon_Wed_Thu_Fri'),
('9584', 'AA', 'Sun_Mon_Tue_Wed_Thu_Fri_Sat'),
('9585', 'UA', 'Sun_Mon_Tue_Wed_Thu_Fri_Sat'),
('9590', 'WN', 'Mon_Wed_Thu_Fri'),
('9591', 'UA', 'Sun_Mon_Tue_Wed_Thu_Fri_Sat'),
('9592', 'US', 'Sun_Mon_Tue_Wed_Thu_Fri_Sat'),
('9595', 'B6', 'Mon_Wed_Thu_Fri'),
('9597', 'DL', 'Sun_Mon_Tue_Wed_Thu_Fri_Sat'),
('960', 'WN', 'Sun_Mon_Tue_Wed_Thu_Fri_Sat'),
('9601', 'US', 'Sun_Mon_Tue_Wed_Thu_Fri_Sat'),
('9603', 'WN', 'Mon_Wed_Thu_Fri'),
('9606', 'WN', 'Sun_Mon_Tue_Wed_Thu_Fri_Sat'),
('9614', 'AA', 'Mon_Wed_Thu_Fri'),
('9617', 'US', 'Sun_Mon_Tue_Wed_Thu_Fri_Sat'),
('9618', 'DL', 'Mon_Wed_Thu_Fri'),
('9619', 'US', 'Sun_Mon_Tue_Wed_Thu_Fri_Sat'),
('9629', 'US', 'Sun_Mon_Tue_Wed_Thu_Fri_Sat'),
('9633', 'UA', 'Sun_Mon_Tue_Wed_Thu_Fri_Sat'),
('9634', 'US', 'Mon_Wed_Thu_Fri'),
('9639', 'AA', 'Sun_Mon_Tue_Wed_Thu_Fri_Sat'),
('9642', 'AA', 'Mon_Wed_Thu_Fri'),
('9648', 'B6', 'Mon_Wed_Thu_Fri'),
('965', 'WN', 'Mon_Wed_Thu_Fri'),
('9650', 'AA', 'Sun_Mon_Tue_Wed_Thu_Fri_Sat'),
('9652', 'B6', 'Sun_Mon_Tue_Wed_Thu_Fri_Sat'),
('9658', 'B6', 'Sun_Mon_Tue_Wed_Thu_Fri_Sat'),
('966', 'US', 'Sun_Mon_Tue_Wed_Thu_Fri_Sat'),
('9660', 'UA', 'Sun_Mon_Tue_Wed_Thu_Fri_Sat'),
('9663', 'DL', 'Mon_Wed_Thu_Fri'),
('9664', 'B6', 'Mon_Wed_Thu_Fri'),
('9668', 'DL', 'Mon_Wed_Thu_Fri'),
('9670', 'UA', 'Sun_Mon_Tue_Wed_Thu_Fri_Sat'),
('9673', 'WN', 'Mon_Wed_Thu_Fri'),
('9674', 'UA', 'Mon_Wed_Thu_Fri'),
('9676', 'WN', 'Sun_Mon_Tue_Wed_Thu_Fri_Sat'),
('9677', 'US', 'Mon_Wed_Thu_Fri'),
('9679', 'US', 'Sun_Mon_Tue_Wed_Thu_Fri_Sat'),
('968', 'UA', 'Mon_Wed_Thu_Fri'),
('9684', 'UA', 'Sun_Mon_Tue_Wed_Thu_Fri_Sat'),
('9686', 'DL', 'Sun_Mon_Tue_Wed_Thu_Fri_Sat'),
('9690', 'DL', 'Sun_Mon_Tue_Wed_Thu_Fri_Sat'),
('9693', 'AA', 'Sun_Mon_Tue_Wed_Thu_Fri_Sat'),
('9696', 'US', 'Mon_Wed_Thu_Fri'),
('9698', 'US', 'Sun_Mon_Tue_Wed_Thu_Fri_Sat'),
('9699', 'UA', 'Sun_Mon_Tue_Wed_Thu_Fri_Sat'),
('9701', 'WN', 'Sun_Mon_Tue_Wed_Thu_Fri_Sat'),
('9707', 'DL', 'Sun_Mon_Tue_Wed_Thu_Fri_Sat'),
('9710', 'AA', 'Mon_Wed_Thu_Fri'),
('9712', 'WN', 'Sun_Mon_Tue_Wed_Thu_Fri_Sat'),
('9715', 'US', 'Mon_Wed_Thu_Fri'),
('9716', 'AA', 'Sun_Mon_Tue_Wed_Thu_Fri_Sat'),
('9717', 'US', 'Mon_Wed_Thu_Fri'),
('9719', 'US', 'Sun_Mon_Tue_Wed_Thu_Fri_Sat'),
('972', 'AA', 'Sun_Mon_Tue_Wed_Thu_Fri_Sat'),
('9727', 'US', 'Sun_Mon_Tue_Wed_Thu_Fri_Sat'),
('9728', 'UA', 'Sun_Mon_Tue_Wed_Thu_Fri_Sat'),
('973', 'DL', 'Sun_Mon_Tue_Wed_Thu_Fri_Sat'),
('9730', 'WN', 'Mon_Wed_Thu_Fri'),
('9737', 'WN', 'Sun_Mon_Tue_Wed_Thu_Fri_Sat'),
('9739', 'WN', 'Sun_Mon_Tue_Wed_Thu_Fri_Sat'),
('9741', 'US', 'Sun_Mon_Tue_Wed_Thu_Fri_Sat'),
('9744', 'B6', 'Sun_Mon_Tue_Wed_Thu_Fri_Sat'),
('9745', 'US', 'Sun_Mon_Tue_Wed_Thu_Fri_Sat'),
('9746', 'UA', 'Mon_Wed_Thu_Fri'),
('9755', 'AA', 'Mon_Wed_Thu_Fri'),
('9758', 'WN', 'Mon_Wed_Thu_Fri'),
('9760', 'UA', 'Sun_Mon_Tue_Wed_Thu_Fri_Sat'),
('9762', 'US', 'Sun_Mon_Tue_Wed_Thu_Fri_Sat'),
('9763', 'B6', 'Sun_Mon_Tue_Wed_Thu_Fri_Sat'),
('9764', 'AA', 'Sun_Mon_Tue_Wed_Thu_Fri_Sat'),
('9766', 'AA', 'Mon_Wed_Thu_Fri'),
('9770', 'AA', 'Sun_Mon_Tue_Wed_Thu_Fri_Sat'),
('9772', 'AA', 'Sun_Mon_Tue_Wed_Thu_Fri_Sat'),
('9775', 'UA', 'Sun_Mon_Tue_Wed_Thu_Fri_Sat'),
('9776', 'US', 'Mon_Wed_Thu_Fri'),
('9777', 'US', 'Sun_Mon_Tue_Wed_Thu_Fri_Sat'),
('978', 'AA', 'Sun_Mon_Tue_Wed_Thu_Fri_Sat'),
('9781', 'B6', 'Sun_Mon_Tue_Wed_Thu_Fri_Sat'),
('9786', 'UA', 'Sun_Mon_Tue_Wed_Thu_Fri_Sat'),
('9787', 'B6', 'Mon_Wed_Thu_Fri'),
('979', 'UA', 'Mon_Wed_Thu_Fri'),
('9793', 'AA', 'Sun_Mon_Tue_Wed_Thu_Fri_Sat'),
('9794', 'WN', 'Sun_Mon_Tue_Wed_Thu_Fri_Sat'),
('9796', 'WN', 'Sun_Mon_Tue_Wed_Thu_Fri_Sat'),
('9797', 'WN', 'Sun_Mon_Tue_Wed_Thu_Fri_Sat'),
('9799', 'DL', 'Sun_Mon_Tue_Wed_Thu_Fri_Sat'),
('9802', 'AA', 'Sun_Mon_Tue_Wed_Thu_Fri_Sat'),
('9803', 'UA', 'Sun_Mon_Tue_Wed_Thu_Fri_Sat'),
('9808', 'US', 'Sun_Mon_Tue_Wed_Thu_Fri_Sat'),
('981', 'US', 'Sun_Mon_Tue_Wed_Thu_Fri_Sat'),
('9811', 'WN', 'Sun_Mon_Tue_Wed_Thu_Fri_Sat'),
('9812', 'US', 'Sun_Mon_Tue_Wed_Thu_Fri_Sat'),
('9815', 'US', 'Sun_Mon_Tue_Wed_Thu_Fri_Sat'),
('9817', 'DL', 'Sun_Mon_Tue_Wed_Thu_Fri_Sat'),
('9819', 'UA', 'Sun_Mon_Tue_Wed_Thu_Fri_Sat'),
('9820', 'AA', 'Sun_Mon_Tue_Wed_Thu_Fri_Sat'),
('9823', 'US', 'Sun_Mon_Tue_Wed_Thu_Fri_Sat'),
('9825', 'AA', 'Sun_Mon_Tue_Wed_Thu_Fri_Sat'),
('9828', 'AA', 'Mon_Wed_Thu_Fri'),
('9832', 'US', 'Sun_Mon_Tue_Wed_Thu_Fri_Sat'),
('9835', 'AA', 'Sun_Mon_Tue_Wed_Thu_Fri_Sat'),
('9837', 'WN', 'Mon_Wed_Thu_Fri'),
('9838', 'WN', 'Mon_Wed_Thu_Fri'),
('9842', 'WN', 'Mon_Wed_Thu_Fri'),
('9848', 'UA', 'Sun_Mon_Tue_Wed_Thu_Fri_Sat'),
('9849', 'AA', 'Sun_Mon_Tue_Wed_Thu_Fri_Sat'),
('9851', 'AA', 'Sun_Mon_Tue_Wed_Thu_Fri_Sat'),
('9858', 'US', 'Sun_Mon_Tue_Wed_Thu_Fri_Sat'),
('9862', 'WN', 'Sun_Mon_Tue_Wed_Thu_Fri_Sat'),
('9865', 'US', 'Mon_Wed_Thu_Fri'),
('9866', 'US', 'Mon_Wed_Thu_Fri'),
('9868', 'AA', 'Sun_Mon_Tue_Wed_Thu_Fri_Sat'),
('987', 'AA', 'Sun_Mon_Tue_Wed_Thu_Fri_Sat'),
('9871', 'US', 'Sun_Mon_Tue_Wed_Thu_Fri_Sat'),
('9872', 'AA', 'Sun_Mon_Tue_Wed_Thu_Fri_Sat'),
('9879', 'WN', 'Mon_Wed_Thu_Fri'),
('988', 'DL', 'Sun_Mon_Tue_Wed_Thu_Fri_Sat'),
('9883', 'UA', 'Sun_Mon_Tue_Wed_Thu_Fri_Sat'),
('9891', 'AA', 'Mon_Wed_Thu_Fri'),
('9892', 'AA', 'Mon_Wed_Thu_Fri'),
('9893', 'WN', 'Sun_Mon_Tue_Wed_Thu_Fri_Sat'),
('99', 'US', 'Sun_Mon_Tue_Wed_Thu_Fri_Sat'),
('990', 'DL', 'Mon_Wed_Thu_Fri'),
('9902', 'WN', 'Mon_Wed_Thu_Fri'),
('9904', 'WN', 'Mon_Wed_Thu_Fri'),
('9907', 'AA', 'Sun_Mon_Tue_Wed_Thu_Fri_Sat'),
('991', 'DL', 'Mon_Wed_Thu_Fri'),
('9921', 'UA', 'Mon_Wed_Thu_Fri'),
('9922', 'DL', 'Sun_Mon_Tue_Wed_Thu_Fri_Sat'),
('9923', 'UA', 'Mon_Wed_Thu_Fri'),
('9924', 'AA', 'Sun_Mon_Tue_Wed_Thu_Fri_Sat'),
('9926', 'WN', 'Mon_Wed_Thu_Fri'),
('9929', 'US', 'Sun_Mon_Tue_Wed_Thu_Fri_Sat'),
('9930', 'UA', 'Mon_Wed_Thu_Fri'),
('9931', 'AA', 'Sun_Mon_Tue_Wed_Thu_Fri_Sat'),
('9932', 'DL', 'Sun_Mon_Tue_Wed_Thu_Fri_Sat'),
('9933', 'UA', 'Mon_Wed_Thu_Fri'),
('9934', 'DL', 'Sun_Mon_Tue_Wed_Thu_Fri_Sat'),
('9937', 'AA', 'Sun_Mon_Tue_Wed_Thu_Fri_Sat'),
('994', 'WN', 'Sun_Mon_Tue_Wed_Thu_Fri_Sat'),
('9942', 'US', 'Sun_Mon_Tue_Wed_Thu_Fri_Sat'),
('9943', 'AA', 'Sun_Mon_Tue_Wed_Thu_Fri_Sat'),
('9945', 'WN', 'Sun_Mon_Tue_Wed_Thu_Fri_Sat'),
('9947', 'AA', 'Sun_Mon_Tue_Wed_Thu_Fri_Sat'),
('9949', 'US', 'Mon_Wed_Thu_Fri'),
('9951', 'AA', 'Mon_Wed_Thu_Fri'),
('9957', 'AA', 'Mon_Wed_Thu_Fri'),
('996', 'DL', 'Sun_Mon_Tue_Wed_Thu_Fri_Sat'),
('9962', 'WN', 'Sun_Mon_Tue_Wed_Thu_Fri_Sat'),
('9967', 'WN', 'Sun_Mon_Tue_Wed_Thu_Fri_Sat'),
('9969', 'US', 'Sun_Mon_Tue_Wed_Thu_Fri_Sat'),
('9972', 'DL', 'Mon_Wed_Thu_Fri'),
('9975', 'WN', 'Sun_Mon_Tue_Wed_Thu_Fri_Sat'),
('9977', 'AA', 'Sun_Mon_Tue_Wed_Thu_Fri_Sat'),
('9979', 'WN', 'Mon_Wed_Thu_Fri'),
('9984', 'US', 'Sun_Mon_Tue_Wed_Thu_Fri_Sat'),
('9992', 'WN', 'Sun_Mon_Tue_Wed_Thu_Fri_Sat'),
('9994', 'US', 'Mon_Wed_Thu_Fri'),
('9996', 'AA', 'Sun_Mon_Tue_Wed_Thu_Fri_Sat'),
('9998', 'WN', 'Mon_Wed_Thu_Fri');

-- --------------------------------------------------------

--
-- Table structure for table `flight_instance`
--

CREATE TABLE `flight_instance` (
  `Flight_number` varchar(20) NOT NULL,
  `Date` date NOT NULL,
  `Number_of_available_seats` int(11) DEFAULT 0,
  `Airplane_id` varchar(20) NOT NULL,
  `Departure_time` time NOT NULL,
  `Arrival_time` time NOT NULL
) ENGINE=InnoDB DEFAULT CHARSET=utf8mb4;

-- --------------------------------------------------------

--
-- Table structure for table `flight_leg`
--

CREATE TABLE `flight_leg` (
  `Flight_number` varchar(20) NOT NULL,
  `Leg_number` tinyint(4) NOT NULL,
  `Departure_airport_code` varchar(20) NOT NULL,
  `Scheduled_departure_time` time NOT NULL,
  `Arrival_airport_code` varchar(20) NOT NULL,
  `Scheduled_arrival_time` time NOT NULL
) ENGINE=InnoDB DEFAULT CHARSET=utf8mb4;

-- --------------------------------------------------------

--
-- Table structure for table `leg_instance`
--

CREATE TABLE `leg_instance` (
  `Flight_number` varchar(20) NOT NULL,
  `Leg_number` tinyint(4) NOT NULL,
  `Date` date NOT NULL,
  `Numeber_of_available_seats` int(11) NOT NULL,
  `Airplane_id` varchar(20) NOT NULL,
  `Departure_airport_code` varchar(20) NOT NULL,
  `Departure_time` time NOT NULL,
  `Arrival_airport_code` varchar(20) NOT NULL,
  `Arrival_time` time NOT NULL
) ENGINE=InnoDB DEFAULT CHARSET=utf8mb4;

-- --------------------------------------------------------

--
-- Table structure for table `seat_reservation`
--

CREATE TABLE `seat_reservation` (
  `Flight_number` varchar(20) NOT NULL,
  `Leg_number` tinyint(4) NOT NULL,
  `Date` date NOT NULL,
  `Seat_number` varchar(10) NOT NULL,
  `Customer_name` varchar(100) NOT NULL,
  `Customer_phone` varchar(11) NOT NULL
) ENGINE=InnoDB DEFAULT CHARSET=utf8mb4;

--
-- Indexes for dumped tables
--

--
-- Indexes for table `airplane`
--
ALTER TABLE `airplane`
  ADD PRIMARY KEY (`Airplane_id`);

--
-- Indexes for table `airplane_type`
--
ALTER TABLE `airplane_type`
  ADD PRIMARY KEY (`Airplane_type_name`);

--
-- Indexes for table `airport`
--
ALTER TABLE `airport`
  ADD PRIMARY KEY (`Airport_code`);

--
-- Indexes for table `can_land`
--
ALTER TABLE `can_land`
  ADD PRIMARY KEY (`Airplane_type_name`,`Airport_code`),
  ADD KEY `FK2_canLand_Airport` (`Airport_code`);

--
-- Indexes for table `fare`
--
ALTER TABLE `fare`
  ADD PRIMARY KEY (`Flight_number`,`Fare_code`);

--
-- Indexes for table `flight`
--
ALTER TABLE `flight`
  ADD PRIMARY KEY (`Flight_number`);

--
-- Indexes for table `flight_instance`
--
ALTER TABLE `flight_instance`
  ADD PRIMARY KEY (`Flight_number`,`Date`);

--
-- Indexes for table `flight_leg`
--
ALTER TABLE `flight_leg`
  ADD PRIMARY KEY (`Flight_number`,`Leg_number`),
  ADD KEY `FK2_Flightleg_Airport` (`Departure_airport_code`),
  ADD KEY `FK3_Flightleg_Airport` (`Arrival_airport_code`);

--
-- Indexes for table `leg_instance`
--
ALTER TABLE `leg_instance`
  ADD PRIMARY KEY (`Flight_number`,`Leg_number`,`Date`),
  ADD KEY `FK2_LegInst_Airplane` (`Airplane_id`),
  ADD KEY `FK3_LegInst_Airport` (`Departure_airport_code`),
  ADD KEY `FK4_LegInst_Airport` (`Arrival_airport_code`);

--
-- Indexes for table `seat_reservation`
--
ALTER TABLE `seat_reservation`
  ADD PRIMARY KEY (`Flight_number`,`Leg_number`,`Date`,`Seat_number`);

--
-- Constraints for dumped tables
--

--
-- Constraints for table `can_land`
--
ALTER TABLE `can_land`
  ADD CONSTRAINT `FK1_canLand_PlnType` FOREIGN KEY (`Airplane_type_name`) REFERENCES `airplane_type` (`Airplane_type_name`) ON DELETE CASCADE ON UPDATE CASCADE,
  ADD CONSTRAINT `FK2_canLand_Airport` FOREIGN KEY (`Airport_code`) REFERENCES `airport` (`Airport_code`) ON DELETE CASCADE ON UPDATE CASCADE;

--
-- Constraints for table `fare`
--
ALTER TABLE `fare`
  ADD CONSTRAINT `FK1_Fare_Flight` FOREIGN KEY (`Flight_number`) REFERENCES `flight` (`Flight_number`) ON DELETE CASCADE ON UPDATE CASCADE;

--
-- Constraints for table `flight_leg`
--
ALTER TABLE `flight_leg`
  ADD CONSTRAINT `FK1_Flightleg_flight` FOREIGN KEY (`Flight_number`) REFERENCES `flight` (`Flight_number`) ON DELETE CASCADE ON UPDATE CASCADE,
  ADD CONSTRAINT `FK2_Flightleg_Airport` FOREIGN KEY (`Departure_airport_code`) REFERENCES `airport` (`Airport_code`) ON DELETE CASCADE ON UPDATE CASCADE,
  ADD CONSTRAINT `FK3_Flightleg_Airport` FOREIGN KEY (`Arrival_airport_code`) REFERENCES `airport` (`Airport_code`) ON DELETE CASCADE ON UPDATE CASCADE;

--
-- Constraints for table `leg_instance`
--
ALTER TABLE `leg_instance`
  ADD CONSTRAINT `FK1_LegInst_Flightlg` FOREIGN KEY (`Flight_number`,`Leg_number`) REFERENCES `flight_leg` (`Flight_number`, `Leg_number`) ON DELETE CASCADE ON UPDATE CASCADE,
  ADD CONSTRAINT `FK2_LegInst_Airplane` FOREIGN KEY (`Airplane_id`) REFERENCES `airplane` (`Airplane_id`) ON DELETE CASCADE ON UPDATE CASCADE,
  ADD CONSTRAINT `FK3_LegInst_Airport` FOREIGN KEY (`Departure_airport_code`) REFERENCES `airport` (`Airport_code`) ON DELETE CASCADE ON UPDATE CASCADE,
  ADD CONSTRAINT `FK4_LegInst_Airport` FOREIGN KEY (`Arrival_airport_code`) REFERENCES `airport` (`Airport_code`) ON DELETE CASCADE ON UPDATE CASCADE;

--
-- Constraints for table `seat_reservation`
--
ALTER TABLE `seat_reservation`
  ADD CONSTRAINT `FK1_SeatRes_LegInst` FOREIGN KEY (`Flight_number`,`Leg_number`,`Date`) REFERENCES `leg_instance` (`Flight_number`, `Leg_number`, `Date`) ON DELETE CASCADE ON UPDATE CASCADE;
COMMIT;

/*!40101 SET CHARACTER_SET_CLIENT=@OLD_CHARACTER_SET_CLIENT */;
/*!40101 SET CHARACTER_SET_RESULTS=@OLD_CHARACTER_SET_RESULTS */;
/*!40101 SET COLLATION_CONNECTION=@OLD_COLLATION_CONNECTION */;
